subject	roi	epoch	model	n	delta	frac
03	NPCr	Gabor	value	16230	-0.017033154144883156	0.1678373382624769
03	NPCr	Gabor	orientation	16230	-0.014872455038130283	0.17972889710412815
03	NPCr	Report	value	16230	-0.0103224957331054	0.262969808995687
03	NPCr	Report	orientation	16230	-0.008640198465619345	0.2684534812076402
03	V1	Gabor	value	1727	-0.010424165055155754	0.2912565141864505
03	V1	Gabor	orientation	1727	-0.0057337479665875435	0.35668789808917195
03	V1	Report	value	1727	0.0041280859263248875	0.5089751013317892
03	V1	Report	orientation	1727	0.005102391025324203	0.5292414591777649
04	NPCr	Gabor	value	12519	-0.0033348025754094124	0.3530633437175493
04	NPCr	Gabor	orientation	12519	-0.009118359535932541	0.3125649013499481
04	NPCr	Report	value	12519	-0.007146488660427238	0.3141624730409777
04	NPCr	Report	orientation	12519	-0.0066667675416742095	0.3420400990494448
04	V1	Gabor	value	1441	0.0012676574988290668	0.4253990284524636
04	V1	Gabor	orientation	1441	0.0007916691247373819	0.43303261623872313
04	V1	Report	value	1441	0.005617962491918482	0.4906315058986815
04	V1	Report	orientation	1441	0.0013003675681341493	0.45107564191533656
05	NPCr	Gabor	value	17818	-0.009895959869027138	0.30564597597934673
05	NPCr	Gabor	orientation	17818	-0.010399469174444675	0.2773038500392861
05	NPCr	Report	value	17818	-0.010376690852538105	0.26518127735997304
05	NPCr	Report	orientation	17818	-0.011053098053206895	0.2345381075317095
05	V1	Gabor	value	1995	-0.005959117319434881	0.3358395989974937
05	V1	Gabor	orientation	1995	2.894485305660055e-06	0.4080200501253133
05	V1	Report	value	1995	0.008333572288599692	0.5929824561403508
05	V1	Report	orientation	1995	0.0029465078526648325	0.47268170426065165
06	NPCr	Gabor	value	13270	-0.008195968344807625	0.3232102486812359
06	NPCr	Gabor	orientation	13270	-0.004666128661483526	0.392690278824416
06	NPCr	Report	value	13270	-0.008110758429046351	0.2700075357950264
06	NPCr	Report	orientation	13270	-0.007550722507896402	0.28281838733986436
06	V1	Gabor	value	1922	0.02582809329032898	0.609261186264308
06	V1	Gabor	orientation	1922	0.03194604068994522	0.631633714880333
06	V1	Report	value	1922	0.0032575946919332108	0.5468262226847035
06	V1	Report	orientation	1922	0.0034428324612648686	0.5660770031217481
07	NPCr	Gabor	value	13847	-0.01740051805973053	0.1745504441395248
07	NPCr	Gabor	orientation	13847	-0.013617892749607563	0.1929659854120026
07	NPCr	Report	value	13847	-0.01339213217500022	0.191304975807034
07	NPCr	Report	orientation	13847	-0.00994516949377117	0.2426518379432368
07	V1	Gabor	value	1901	-0.0025136717595160007	0.3840084166228301
07	V1	Gabor	orientation	1901	0.003290831111371517	0.4171488690163072
07	V1	Report	value	1901	0.004540402033931368	0.45870594423987376
07	V1	Report	orientation	1901	0.008990034951607311	0.5170962651236192
08	NPCr	Gabor	value	14620	-0.01657254993915558	0.17783857729138167
08	NPCr	Gabor	orientation	14620	-0.012566892430186272	0.23611491108071136
08	NPCr	Report	value	14620	-0.010796445429049322	0.26272229822161425
08	NPCr	Report	orientation	14620	-0.008824862248234066	0.2721614227086183
08	V1	Gabor	value	2077	-0.005962773226201534	0.35243139142994706
08	V1	Gabor	orientation	2077	-0.008125306107103825	0.2903225806451613
08	V1	Report	value	2077	0.002045690494575427	0.47664901299951856
08	V1	Report	orientation	2077	0.002919369745255197	0.4838709677419355
09	NPCr	Gabor	value	12809	-0.008641674183309078	0.3162620032789445
09	NPCr	Gabor	orientation	12809	-0.004029628820717335	0.39675228355062847
09	NPCr	Report	value	12809	-0.007265134900613239	0.32305410258412054
09	NPCr	Report	orientation	12809	-0.007067336762866662	0.3174330548832852
09	V1	Gabor	value	1765	0.005464981310069561	0.3801699716713881
09	V1	Gabor	orientation	1765	0.007968380115926266	0.426628895184136
09	V1	Report	value	1765	-0.00021666007158715198	0.48951841359773374
09	V1	Report	orientation	1765	0.001448253068424397	0.46572237960339946
10	NPCr	Gabor	value	15407	-0.01524739246815443	0.21172194457064972
10	NPCr	Gabor	orientation	15407	-0.01177719421684742	0.2593626273771662
10	NPCr	Report	value	15407	-0.002507336682516973	0.38923865775296945
10	NPCr	Report	orientation	15407	-0.0004336771752463495	0.42571558382553387
10	V1	Gabor	value	1468	-0.000687121762894094	0.4141689373297003
10	V1	Gabor	orientation	1468	0.004998090676963329	0.46662125340599453
10	V1	Report	value	1468	-0.003278241245093586	0.3821525885558583
10	V1	Report	orientation	1468	-0.0013210163446621627	0.4938692098092643
11	NPCr	Gabor	value	18612	-0.009841209277510643	0.3022781001504406
11	NPCr	Gabor	orientation	18612	-0.011205148883163929	0.2659037180313776
11	NPCr	Report	value	18612	-0.010135043623526045	0.27111540941328177
11	NPCr	Report	orientation	18612	-0.007984628558337847	0.2968514936600043
11	V1	Gabor	value	2177	-0.0025985855609178543	0.42076251722553976
11	V1	Gabor	orientation	2177	-0.0030279916245490313	0.3913642627468994
11	V1	Report	value	2177	0.011359425374400779	0.5925585668350941
11	V1	Report	orientation	2177	0.01502167165956118	0.6531924666972898
12	NPCr	Gabor	value	17427	-0.0037508856039494276	0.3906007918746772
12	NPCr	Gabor	orientation	17427	-0.00034054715069942176	0.450737361565387
12	NPCr	Report	value	17427	-0.007173782480871529	0.3130774086188099
12	NPCr	Report	orientation	17427	-0.0073243807680546825	0.3076260974350146
12	V1	Gabor	value	1842	0.0021559258457273245	0.3963083604777416
12	V1	Gabor	orientation	1842	0.00650212774053216	0.4386536373507057
12	V1	Report	value	1842	0.006793962981350168	0.5401737242128122
12	V1	Report	orientation	1842	0.006393865080529079	0.6167209554831705
13	NPCr	Gabor	value	19453	-5.9029756812378764e-05	0.4422968179715211
13	NPCr	Gabor	orientation	19453	0.008347859606146812	0.6121934920063743
13	NPCr	Report	value	19453	0.0022277219469822225	0.44296509535804246
13	NPCr	Report	orientation	19453	0.0028940914817086926	0.491646532668483
13	V1	Gabor	value	1876	-0.014769705012440681	0.2340085287846482
13	V1	Gabor	orientation	1876	-0.0003866710467264056	0.47174840085287845
13	V1	Report	value	1876	0.019245946798580882	0.6311300639658849
13	V1	Report	orientation	1876	0.01367902102532235	0.591684434968017
14	NPCr	Gabor	value	15263	-0.00828489288687706	0.327524077835288
14	NPCr	Gabor	orientation	15263	0.0024542866740375757	0.5059293716831553
14	NPCr	Report	value	15263	-0.009872133071028862	0.2528336500032759
14	NPCr	Report	orientation	15263	-0.00929314474974302	0.2473956627137522
14	V1	Gabor	value	1979	-0.011718152090907097	0.2885295603840323
14	V1	Gabor	orientation	1979	-0.008678384125232697	0.302678120262759
14	V1	Report	value	1979	0.004876689079460402	0.5866599292572006
14	V1	Report	orientation	1979	0.0022488925699685075	0.5740272865083376
15	NPCr	Gabor	value	15555	-0.011708821170032024	0.2732883317261331
15	NPCr	Gabor	orientation	15555	-0.011594301089644432	0.2504660880745741
15	NPCr	Report	value	15555	-0.00583875464683196	0.3676631308261009
15	NPCr	Report	orientation	15555	-0.005857382665808565	0.33712632594021213
15	V1	Gabor	value	2027	-0.012793597765266895	0.25160335471139617
15	V1	Gabor	orientation	2027	-0.009229399263858795	0.3004440059200789
15	V1	Report	value	2027	0.011468305981402652	0.5727676369018253
15	V1	Report	orientation	2027	0.006888162248426217	0.5298470646275284
16	NPCr	Gabor	value	9557	-0.01766188070178032	0.16187087998325833
16	NPCr	Gabor	orientation	9557	-0.013396074064075947	0.2100031390603746
16	NPCr	Report	value	9557	-0.006223818509525232	0.31129015381395836
16	NPCr	Report	orientation	9557	-0.004714097404689109	0.35377210421680444
16	V1	Gabor	value	1286	-0.00873689353466034	0.3164852255054432
16	V1	Gabor	orientation	1286	-0.009246268309652805	0.29704510108864696
16	V1	Report	value	1286	0.005462035900016398	0.5318818040435459
16	V1	Report	orientation	1286	0.007097965481613274	0.6337480559875583
17	NPCr	Gabor	value	15301	-0.016057681292295456	0.17881184236324424
17	NPCr	Gabor	orientation	15301	-0.009035076014697552	0.2943598457617149
17	NPCr	Report	value	15301	-0.010336525798063663	0.2595908764133063
17	NPCr	Report	orientation	15301	-0.007182553703956723	0.30540487549833345
17	V1	Gabor	value	1638	-0.014234582893550396	0.2326007326007326
17	V1	Gabor	orientation	1638	-0.008114347234368324	0.31013431013431014
17	V1	Report	value	1638	-0.002328396123044486	0.43284493284493286
17	V1	Report	orientation	1638	0.002594341268788519	0.4652014652014652
18	NPCr	Gabor	value	16598	-0.004683107137680054	0.39498734787323775
18	NPCr	Gabor	orientation	16598	-0.0008773896261118352	0.44686106759850586
18	NPCr	Report	value	16598	-0.003200841460224351	0.38432341245933244
18	NPCr	Report	orientation	16598	-0.0030164203389298648	0.3706470659115556
18	V1	Gabor	value	1752	-0.002731973072513938	0.4046803652968037
18	V1	Gabor	orientation	1752	0.0021379422396421432	0.4526255707762557
18	V1	Report	value	1752	0.01357697594795346	0.6763698630136986
18	V1	Report	orientation	1752	0.01006581781805448	0.6147260273972602
19	NPCr	Gabor	value	17490	-0.01612512208521366	0.19176672384219554
19	NPCr	Gabor	orientation	17490	-0.013530956581234932	0.2158947970268725
19	NPCr	Report	value	17490	-0.012873657284429225	0.2076043453401944
19	NPCr	Report	orientation	17490	-0.010922886904712237	0.21189251000571754
19	V1	Gabor	value	2646	0.009941096417605877	0.5461073318216175
19	V1	Gabor	orientation	2646	0.0037179794162511826	0.5060468631897204
19	V1	Report	value	2646	0.0043960613191487185	0.45162509448223737
19	V1	Report	orientation	2646	0.0012920505179803926	0.382464096749811
20	NPCr	Gabor	value	10164	-0.014851845800876617	0.22323888232979142
20	NPCr	Gabor	orientation	10164	-0.010244556702673435	0.2825659189295553
20	NPCr	Report	value	10164	-0.0022629626862532165	0.4590712317985045
20	NPCr	Report	orientation	10164	0.0002500479092136268	0.5028532073986619
20	V1	Gabor	value	1899	-0.02344151772558689	0.1874670879410216
20	V1	Gabor	orientation	1899	-0.016276445239782333	0.2132701421800948
20	V1	Report	value	1899	-0.007840809457053927	0.3607161664033702
20	V1	Report	orientation	1899	-0.005920126820415488	0.37598736176935227
21	NPCr	Gabor	value	17611	-0.017611218616366386	0.18868888762705127
21	NPCr	Gabor	orientation	17611	-0.013301098719239235	0.21662597240361137
21	NPCr	Report	value	17611	-0.011046503557761848	0.2521719379932996
21	NPCr	Report	orientation	17611	-0.008297516308746916	0.27267049003463745
21	V1	Gabor	value	1514	-0.014541287906467915	0.25429326287978865
21	V1	Gabor	orientation	1514	-0.00790447648614645	0.3137384412153236
21	V1	Report	value	1514	0.01072030867684842	0.5931307793923382
21	V1	Report	orientation	1514	0.011071632321639959	0.5462351387054161
22	NPCr	Gabor	value	14858	-0.046143487095832825	0.20083456723650558
22	NPCr	Gabor	orientation	14858	-0.013050077483057976	0.22620810337865124
22	NPCr	Report	value	14858	-0.010259931066692003	0.2849643289810203
22	NPCr	Report	orientation	14858	-0.009031907859482382	0.269417149010634
22	V1	Gabor	value	1868	-0.08665232360363007	0.15471092077087795
22	V1	Gabor	orientation	1868	-0.009075420908629894	0.2756959314775161
22	V1	Report	value	1868	-0.000909651830489058	0.37633832976445397
22	V1	Report	orientation	1868	-0.0013459352042119468	0.35278372591006424
23	NPCr	Gabor	value	14808	-0.01802411675453186	0.1640329551593733
23	NPCr	Gabor	orientation	14808	-0.0140421437099576	0.20279578606158832
23	NPCr	Report	value	14808	-0.009340863602667818	0.2970016207455429
23	NPCr	Report	orientation	14808	-0.007781488585474057	0.28903295515937333
23	V1	Gabor	value	1430	-0.024551652371883392	0.06503496503496503
23	V1	Gabor	orientation	1430	-0.017990728840231895	0.10139860139860139
23	V1	Report	value	1430	-0.012816469099072332	0.25034965034965034
23	V1	Report	orientation	1430	-0.01292478461920288	0.17482517482517482
24	NPCr	Gabor	value	12438	-0.013205356895923615	0.2506029908345393
24	NPCr	Gabor	orientation	12438	-0.007345662917941809	0.3297153883260974
24	NPCr	Report	value	12438	-0.00787658112886497	0.31982633863965265
24	NPCr	Report	orientation	12438	-0.006676261339728049	0.30744492683711205
24	V1	Gabor	value	1741	0.009050974622368813	0.514646754738656
24	V1	Gabor	orientation	1741	0.015682265162467957	0.5973578403216542
24	V1	Report	value	1741	0.008044126008016876	0.5703618609994257
24	V1	Report	orientation	1741	0.003447422194214778	0.48822515795519816
25	NPCr	Gabor	value	13210	-0.015231556259095669	0.19409538228614687
25	NPCr	Gabor	orientation	13210	-0.012564497999846935	0.23353520060560182
25	NPCr	Report	value	13210	-0.007421468151167597	0.30015140045420136
25	NPCr	Report	orientation	13210	-0.00886785367483274	0.2841029523088569
25	V1	Gabor	value	1314	-0.005798689089715481	0.3424657534246575
25	V1	Gabor	orientation	1314	0.001163749024271965	0.4315068493150685
25	V1	Report	value	1314	0.0033492168290914473	0.4786910197869102
25	V1	Report	orientation	1314	0.009258317822059665	0.6575342465753424
26	NPCr	Gabor	orientation	13125	-0.015003448352217674	0.20533333333333334
26	NPCr	Report	value	13125	-0.013075543213670984	0.20822857142857143
26	NPCr	Report	orientation	13125	-0.011448189541277116	0.22895238095238096
26	V1	Gabor	orientation	1482	-0.01859724149107933	0.12280701754385964
26	V1	Report	value	1482	-0.011023110113648217	0.2253711201079622
26	V1	Report	orientation	1482	-0.00747957508193651	0.349527665317139
27	NPCr	Gabor	orientation	17185	-0.0020756879821419716	0.44108233924934537
27	NPCr	Report	value	17185	-0.0036488298901715993	0.3191736979924353
27	NPCr	Report	orientation	17185	-0.0019067548701053236	0.35094559208612164
27	V1	Gabor	orientation	2078	-0.0040893591940402985	0.3864292589027912
27	V1	Report	value	2078	0.022085724664979933	0.568334937439846
27	V1	Report	orientation	2078	0.015138833295403428	0.5620789220404235
28	NPCr	Gabor	orientation	15147	-0.011316392570734024	0.2422922030765168
28	NPCr	Report	value	15147	-0.008165832941970569	0.3071235228097973
28	NPCr	Report	orientation	15147	-0.008849847817466169	0.2695583283818578
28	V1	Gabor	orientation	2710	-0.017389759421348572	0.12435424354243542
28	V1	Report	value	2710	-0.009160240826058234	0.23394833948339483
28	V1	Report	orientation	2710	-0.007637134567856883	0.28892988929889296
29	NPCr	Gabor	orientation	17654	-0.00045677131856791675	0.466636456327178
29	NPCr	Report	value	17654	-0.010833123855373378	0.25909142403987767
29	NPCr	Report	orientation	17654	-0.00724091520048871	0.31885125184094254
29	V1	Gabor	orientation	2290	-0.002103785052895546	0.40655021834061134
29	V1	Report	value	2290	-0.0027333061129216608	0.3296943231441048
29	V1	Report	orientation	2290	-0.0035934800173485835	0.30087336244541485
30	NPCr	Report	value	14023	-0.000593310796027292	0.477857805034586
30	NPCr	Report	orientation	14023	-0.0006924692259242741	0.4717963345931684
30	V1	Report	value	1516	0.01742966246555197	0.7546174142480211
30	V1	Report	orientation	1516	0.014911433777400623	0.7282321899736148
pil01	NPCr	Gabor	value	15563	0.007989506237208843	0.5256056030328343
pil01	NPCr	Gabor	orientation	15563	0.012580095790326595	0.5874831330720298
pil01	NPCr	Report	value	15563	-0.004036155719590926	0.3413866221165585
pil01	NPCr	Report	orientation	15563	-0.0028755083384065594	0.35275975069074084
pil01	V1	Gabor	value	1766	0.009664839133620262	0.5067950169875425
pil01	V1	Gabor	orientation	1766	0.0070929802022874355	0.48584371460928655
pil01	V1	Report	value	1766	0.02957465992592828	0.7423556058890147
pil01	V1	Report	orientation	1766	0.02891314951960334	0.7616081540203851
pil02	NPCr	Gabor	value	14180	-0.011092094704508781	0.27566995768688296
pil02	NPCr	Gabor	orientation	14180	-0.010026027448475361	0.278984485190409
pil02	NPCr	Report	value	14180	-0.00810096053215743	0.27863187588152327
pil02	NPCr	Report	orientation	14180	-0.0038463262659443396	0.3354724964739069
pil02	V1	Gabor	value	1466	0.009974558837711811	0.5743519781718963
pil02	V1	Gabor	orientation	1466	0.008873040787875652	0.5463847203274216
pil02	V1	Report	value	1466	0.020823746410752002	0.669849931787176
pil02	V1	Report	orientation	1466	0.02203953452383721	0.6623465211459755
