subject	session	condition	value	sd_E	variant
03	1	inverse_cdf	2.5	7.680786126991884	spherical_dense
03	1	inverse_cdf	3.0	8.731254419719049	spherical_dense
03	1	inverse_cdf	4.0	7.160585338997938	spherical_dense
03	1	inverse_cdf	5.0	7.0676551861115255	spherical_dense
03	1	inverse_cdf	7.5	6.169479261264535	spherical_dense
03	1	inverse_cdf	11.5	4.858113357085564	spherical_dense
03	1	inverse_cdf	16.0	1.5759337783447682	spherical_dense
03	1	inverse_cdf	18.5	4.169153458417805	spherical_dense
03	1	inverse_cdf	20.0	4.834392031943821	spherical_dense
03	1	inverse_cdf	21.0	4.5834361020570675	spherical_dense
03	1	inverse_cdf	21.5	4.136947258171434	spherical_dense
03	1	inverse_cdf	22.0	1.6425949051852669	spherical_dense
03	1	inverse_cdf	22.5	2.6044740047970882	spherical_dense
03	1	inverse_cdf	23.0	3.6893989402094705	spherical_dense
03	1	inverse_cdf	24.0	3.9850024581281125	spherical_dense
03	1	inverse_cdf	25.5	5.213421518066691	spherical_dense
03	1	inverse_cdf	28.0	5.023579106268354	spherical_dense
03	1	inverse_cdf	32.5	5.463945380965709	spherical_dense
03	1	inverse_cdf	36.5	5.610619910189266	spherical_dense
03	1	inverse_cdf	39.0	5.798218385924784	spherical_dense
03	1	inverse_cdf	40.0	6.034320666633709	spherical_dense
03	1	inverse_cdf	41.0	5.718977148660254	spherical_dense
03	1	inverse_cdf	41.5	5.918913724296391	spherical_dense
03	2	cdf	5.5	5.026803418822605	spherical_dense
03	2	cdf	8.0	4.927653692286634	spherical_dense
03	2	cdf	10.0	5.472054168663181	spherical_dense
03	2	cdf	11.0	5.1797592303209905	spherical_dense
03	2	cdf	11.5	5.04518410707902	spherical_dense
03	2	cdf	12.0	5.503364940697521	spherical_dense
03	2	cdf	12.5	5.511894381676318	spherical_dense
03	2	cdf	13.0	5.203224804882249	spherical_dense
03	2	cdf	14.0	3.709489124809334	spherical_dense
03	2	cdf	16.0	4.2986831536092724	spherical_dense
03	2	cdf	18.5	4.355373681988836	spherical_dense
03	2	cdf	22.0	2.8982881241308145	spherical_dense
03	2	cdf	25.5	3.1582755746079876	spherical_dense
03	2	cdf	28.0	3.631044072448281	spherical_dense
03	2	cdf	30.0	4.8071699186040036	spherical_dense
03	2	cdf	31.0	5.133912985108222	spherical_dense
03	2	cdf	31.5	4.997681845573182	spherical_dense
03	2	cdf	32.0	4.911223899520188	spherical_dense
03	2	cdf	32.5	5.10108407277282	spherical_dense
03	2	cdf	33.0	5.088181778145742	spherical_dense
03	2	cdf	34.0	5.37938670067935	spherical_dense
03	2	cdf	36.0	5.287427106146832	spherical_dense
03	2	cdf	38.5	5.388418710025545	spherical_dense
04	1	cdf	5.5	1.0071890242923798	spherical_dense
04	1	cdf	8.0	2.944746380211409	spherical_dense
04	1	cdf	10.0	1.7914213778169314	spherical_dense
04	1	cdf	11.0	1.8072426051431	spherical_dense
04	1	cdf	11.5	1.6795727023888507	spherical_dense
04	1	cdf	12.0	1.8025901171052614	spherical_dense
04	1	cdf	12.5	2.1516720229771518	spherical_dense
04	1	cdf	13.0	2.401485767993328	spherical_dense
04	1	cdf	14.0	2.5562536331748458	spherical_dense
04	1	cdf	16.0	2.8131734193651234	spherical_dense
04	1	cdf	18.5	2.4227697123353757	spherical_dense
04	1	cdf	22.0	2.923588047109766	spherical_dense
04	1	cdf	25.5	3.569726065932682	spherical_dense
04	1	cdf	28.0	3.107266693533083	spherical_dense
04	1	cdf	30.0	1.7061851028598556	spherical_dense
04	1	cdf	31.0	1.5721125623542804	spherical_dense
04	1	cdf	31.5	1.938687848005235	spherical_dense
04	1	cdf	32.0	2.0534063874610085	spherical_dense
04	1	cdf	32.5	1.99342886959352	spherical_dense
04	1	cdf	33.0	2.184013845588613	spherical_dense
04	1	cdf	34.0	2.3254176400372804	spherical_dense
04	1	cdf	36.0	2.350983896211172	spherical_dense
04	1	cdf	38.5	2.025839718532363	spherical_dense
04	2	inverse_cdf	2.5	2.6316069754877	spherical_dense
04	2	inverse_cdf	3.0	2.363778890778726	spherical_dense
04	2	inverse_cdf	4.0	3.261529423668176	spherical_dense
04	2	inverse_cdf	5.0	3.1151643297031115	spherical_dense
04	2	inverse_cdf	7.5	3.101244904415569	spherical_dense
04	2	inverse_cdf	11.5	3.050934998179414	spherical_dense
04	2	inverse_cdf	16.0	3.244732779348695	spherical_dense
04	2	inverse_cdf	18.5	4.279787156430146	spherical_dense
04	2	inverse_cdf	20.0	5.084229927116977	spherical_dense
04	2	inverse_cdf	21.0	4.897216379928971	spherical_dense
04	2	inverse_cdf	21.5	5.194372485131452	spherical_dense
04	2	inverse_cdf	22.0	4.655863420867901	spherical_dense
04	2	inverse_cdf	22.5	5.1402889583692986	spherical_dense
04	2	inverse_cdf	23.0	4.715117119646003	spherical_dense
04	2	inverse_cdf	24.0	4.147014766025542	spherical_dense
04	2	inverse_cdf	25.5	4.441748211275734	spherical_dense
04	2	inverse_cdf	28.0	3.312172932222041	spherical_dense
04	2	inverse_cdf	32.5	3.415342213509231	spherical_dense
04	2	inverse_cdf	36.5	3.8629893960737873	spherical_dense
04	2	inverse_cdf	39.0	2.9528706941971508	spherical_dense
04	2	inverse_cdf	40.0	2.975699412330164	spherical_dense
04	2	inverse_cdf	41.0	2.5062301938192473	spherical_dense
04	2	inverse_cdf	41.5	2.2448856225835296	spherical_dense
05	1	inverse_cdf	2.5	7.444868545648292	spherical_dense
05	1	inverse_cdf	3.0	7.386034249960483	spherical_dense
05	1	inverse_cdf	4.0	6.9130630697273485	spherical_dense
05	1	inverse_cdf	5.0	6.8406058162854695	spherical_dense
05	1	inverse_cdf	7.5	6.067083092100355	spherical_dense
05	1	inverse_cdf	11.5	5.751558889530095	spherical_dense
05	1	inverse_cdf	16.0	4.887763770449595	spherical_dense
05	1	inverse_cdf	18.5	1.2053835273718434	spherical_dense
05	1	inverse_cdf	20.0	1.1734570088154885	spherical_dense
05	1	inverse_cdf	21.0	2.839024085913361	spherical_dense
05	1	inverse_cdf	21.5	3.5419108806008546	spherical_dense
05	1	inverse_cdf	22.0	3.4064310532048827	spherical_dense
05	1	inverse_cdf	22.5	3.4840165777349594	spherical_dense
05	1	inverse_cdf	23.0	3.9923644852768327	spherical_dense
05	1	inverse_cdf	24.0	4.571751659416271	spherical_dense
05	1	inverse_cdf	25.5	4.232796602893789	spherical_dense
05	1	inverse_cdf	28.0	1.685021422433035	spherical_dense
05	1	inverse_cdf	32.5	5.041005483077133	spherical_dense
05	1	inverse_cdf	36.5	6.344930375634058	spherical_dense
05	1	inverse_cdf	39.0	6.746495655437453	spherical_dense
05	1	inverse_cdf	40.0	6.642509381900828	spherical_dense
05	1	inverse_cdf	41.0	6.906674824149037	spherical_dense
05	1	inverse_cdf	41.5	7.006544950179852	spherical_dense
05	2	cdf	5.5	4.495039427590469	spherical_dense
05	2	cdf	8.0	4.026034597994746	spherical_dense
05	2	cdf	10.0	3.897882077963167	spherical_dense
05	2	cdf	11.0	3.466377182462262	spherical_dense
05	2	cdf	11.5	3.487235599482862	spherical_dense
05	2	cdf	12.0	3.4434185429317923	spherical_dense
05	2	cdf	12.5	3.4574114457123177	spherical_dense
05	2	cdf	13.0	3.231849170844373	spherical_dense
05	2	cdf	14.0	3.2899409710878604	spherical_dense
05	2	cdf	16.0	3.361725205130507	spherical_dense
05	2	cdf	18.5	3.104546881577125	spherical_dense
05	2	cdf	22.0	2.190439713354468	spherical_dense
05	2	cdf	25.5	3.8396076699314667	spherical_dense
05	2	cdf	28.0	4.36424683935971	spherical_dense
05	2	cdf	30.0	3.7804960313930507	spherical_dense
05	2	cdf	31.0	0.793151005550631	spherical_dense
05	2	cdf	31.5	0.2995103510797343	spherical_dense
05	2	cdf	32.0	0.43656817389868113	spherical_dense
05	2	cdf	32.5	0.4132473728487246	spherical_dense
05	2	cdf	33.0	0.5121810165783499	spherical_dense
05	2	cdf	34.0	1.6177813702761208	spherical_dense
05	2	cdf	36.0	5.428278071337765	spherical_dense
05	2	cdf	38.5	5.252179711766288	spherical_dense
06	1	cdf	5.5	4.800911327688147	spherical_dense
06	1	cdf	8.0	4.836780300765507	spherical_dense
06	1	cdf	10.0	4.677775646691826	spherical_dense
06	1	cdf	11.0	4.755750135702187	spherical_dense
06	1	cdf	11.5	4.59614913057045	spherical_dense
06	1	cdf	12.0	4.626161931288134	spherical_dense
06	1	cdf	12.5	4.703517447729635	spherical_dense
06	1	cdf	13.0	4.582787389752422	spherical_dense
06	1	cdf	14.0	4.373264618693671	spherical_dense
06	1	cdf	16.0	4.4873048829382824	spherical_dense
06	1	cdf	18.5	4.060308956869704	spherical_dense
06	1	cdf	22.0	3.838036502227518	spherical_dense
06	1	cdf	25.5	3.959079811377777	spherical_dense
06	1	cdf	28.0	4.7159697694419185	spherical_dense
06	1	cdf	30.0	4.88397218279832	spherical_dense
06	1	cdf	31.0	4.892771576949635	spherical_dense
06	1	cdf	31.5	4.976443248057991	spherical_dense
06	1	cdf	32.0	4.996049813899058	spherical_dense
06	1	cdf	32.5	4.898482640324361	spherical_dense
06	1	cdf	33.0	5.1929364382271235	spherical_dense
06	1	cdf	34.0	5.368564706374533	spherical_dense
06	1	cdf	36.0	5.054362242877803	spherical_dense
06	1	cdf	38.5	2.013594259318196	spherical_dense
06	2	inverse_cdf	2.5	4.11245865847734	spherical_dense
06	2	inverse_cdf	3.0	3.5702161191567874	spherical_dense
06	2	inverse_cdf	4.0	3.6881518962480775	spherical_dense
06	2	inverse_cdf	5.0	2.9874648254713776	spherical_dense
06	2	inverse_cdf	7.5	2.49112522649708	spherical_dense
06	2	inverse_cdf	11.5	2.577495671466968	spherical_dense
06	2	inverse_cdf	16.0	3.2901539362512824	spherical_dense
06	2	inverse_cdf	18.5	4.320406174054137	spherical_dense
06	2	inverse_cdf	20.0	4.275642493835336	spherical_dense
06	2	inverse_cdf	21.0	4.462598156826166	spherical_dense
06	2	inverse_cdf	21.5	4.6070870750336805	spherical_dense
06	2	inverse_cdf	22.0	4.3779460909195445	spherical_dense
06	2	inverse_cdf	22.5	4.18436096765575	spherical_dense
06	2	inverse_cdf	23.0	3.769366789473702	spherical_dense
06	2	inverse_cdf	24.0	2.2894882225312223	spherical_dense
06	2	inverse_cdf	25.5	1.5160767125078807	spherical_dense
06	2	inverse_cdf	28.0	1.8914002357101847	spherical_dense
06	2	inverse_cdf	32.5	1.849426897572002	spherical_dense
06	2	inverse_cdf	36.5	3.2975658528516965	spherical_dense
06	2	inverse_cdf	39.0	4.538312402360478	spherical_dense
06	2	inverse_cdf	40.0	4.6559780679130975	spherical_dense
06	2	inverse_cdf	41.0	5.152432148417862	spherical_dense
06	2	inverse_cdf	41.5	4.507520907717211	spherical_dense
07	1	inverse_cdf	2.5	3.9908093386847248	spherical_dense
07	1	inverse_cdf	3.0	4.1082887575407865	spherical_dense
07	1	inverse_cdf	4.0	4.08825008908743	spherical_dense
07	1	inverse_cdf	5.0	3.6343510528181944	spherical_dense
07	1	inverse_cdf	7.5	3.7703468451491684	spherical_dense
07	1	inverse_cdf	11.5	3.5699978629830715	spherical_dense
07	1	inverse_cdf	16.0	3.991133062752353	spherical_dense
07	1	inverse_cdf	18.5	4.538380239423377	spherical_dense
07	1	inverse_cdf	20.0	5.1515617434971706	spherical_dense
07	1	inverse_cdf	21.0	5.563384192272588	spherical_dense
07	1	inverse_cdf	21.5	5.392065458075796	spherical_dense
07	1	inverse_cdf	22.0	3.2159561739486353	spherical_dense
07	1	inverse_cdf	22.5	5.054196643748447	spherical_dense
07	1	inverse_cdf	23.0	4.938577780556082	spherical_dense
07	1	inverse_cdf	24.0	4.927755880579204	spherical_dense
07	1	inverse_cdf	25.5	4.7375724756713185	spherical_dense
07	1	inverse_cdf	28.0	4.55968493568263	spherical_dense
07	1	inverse_cdf	32.5	3.8413568198958736	spherical_dense
07	1	inverse_cdf	36.5	3.1522825602367144	spherical_dense
07	1	inverse_cdf	39.0	3.4424655235754273	spherical_dense
07	1	inverse_cdf	40.0	4.042966633694203	spherical_dense
07	1	inverse_cdf	41.0	4.287418115560435	spherical_dense
07	1	inverse_cdf	41.5	4.5760954276662895	spherical_dense
07	2	cdf	5.5	5.537024617136755	spherical_dense
07	2	cdf	8.0	5.835921041316834	spherical_dense
07	2	cdf	10.0	5.150354239976631	spherical_dense
07	2	cdf	11.0	5.045923311609955	spherical_dense
07	2	cdf	11.5	4.777276642909004	spherical_dense
07	2	cdf	12.0	4.72646564446084	spherical_dense
07	2	cdf	12.5	4.5446551153359485	spherical_dense
07	2	cdf	13.0	4.302199931940462	spherical_dense
07	2	cdf	14.0	3.830868646627853	spherical_dense
07	2	cdf	16.0	1.9206719290159953	spherical_dense
07	2	cdf	18.5	4.112067917994274	spherical_dense
07	2	cdf	22.0	4.731903414917344	spherical_dense
07	2	cdf	25.5	2.905867940803208	spherical_dense
07	2	cdf	28.0	3.3613861523610757	spherical_dense
07	2	cdf	30.0	2.2796444934902635	spherical_dense
07	2	cdf	31.0	4.717188414770415	spherical_dense
07	2	cdf	31.5	5.042589019398038	spherical_dense
07	2	cdf	32.0	5.347881650511403	spherical_dense
07	2	cdf	32.5	5.419398935575144	spherical_dense
07	2	cdf	33.0	5.635873436398502	spherical_dense
07	2	cdf	34.0	5.634299137508708	spherical_dense
07	2	cdf	36.0	4.787340002221301	spherical_dense
07	2	cdf	38.5	6.283923977178186	spherical_dense
08	1	cdf	5.5	4.803053427432014	spherical_dense
08	1	cdf	8.0	4.207146783136702	spherical_dense
08	1	cdf	10.0	4.630028403035467	spherical_dense
08	1	cdf	11.0	5.117334963177817	spherical_dense
08	1	cdf	11.5	4.648850876373339	spherical_dense
08	1	cdf	12.0	4.670157515901817	spherical_dense
08	1	cdf	12.5	4.511894924728788	spherical_dense
08	1	cdf	13.0	3.631965710638399	spherical_dense
08	1	cdf	14.0	3.8448928157035254	spherical_dense
08	1	cdf	16.0	3.8588272488552446	spherical_dense
08	1	cdf	18.5	3.859260703208004	spherical_dense
08	1	cdf	22.0	3.450074293755045	spherical_dense
08	1	cdf	25.5	3.3382920621142436	spherical_dense
08	1	cdf	28.0	1.4656572362728966	spherical_dense
08	1	cdf	30.0	4.518045887975754	spherical_dense
08	1	cdf	31.0	5.126160820346059	spherical_dense
08	1	cdf	31.5	5.2583352156651895	spherical_dense
08	1	cdf	32.0	4.977993769678431	spherical_dense
08	1	cdf	32.5	5.118050056528346	spherical_dense
08	1	cdf	33.0	4.891728391817979	spherical_dense
08	1	cdf	34.0	4.629898147646013	spherical_dense
08	1	cdf	36.0	4.362294341224921	spherical_dense
08	1	cdf	38.5	4.4861617899881585	spherical_dense
08	2	inverse_cdf	2.5	4.720206229295221	spherical_dense
08	2	inverse_cdf	3.0	4.422806486620136	spherical_dense
08	2	inverse_cdf	4.0	3.8201503380802424	spherical_dense
08	2	inverse_cdf	5.0	4.451793836111201	spherical_dense
08	2	inverse_cdf	7.5	5.266807527232622	spherical_dense
08	2	inverse_cdf	11.5	3.656057682617013	spherical_dense
08	2	inverse_cdf	16.0	4.119662593522948	spherical_dense
08	2	inverse_cdf	18.5	4.8732643470108705	spherical_dense
08	2	inverse_cdf	20.0	4.349593762356026	spherical_dense
08	2	inverse_cdf	21.0	4.710404173965939	spherical_dense
08	2	inverse_cdf	21.5	3.8663780712793905	spherical_dense
08	2	inverse_cdf	22.0	3.1735255907853204	spherical_dense
08	2	inverse_cdf	22.5	4.99709317403513	spherical_dense
08	2	inverse_cdf	23.0	5.451318477624635	spherical_dense
08	2	inverse_cdf	24.0	5.61264026828026	spherical_dense
08	2	inverse_cdf	25.5	5.115564212900339	spherical_dense
08	2	inverse_cdf	28.0	5.114551884024848	spherical_dense
08	2	inverse_cdf	32.5	3.3517486601917965	spherical_dense
08	2	inverse_cdf	36.5	3.7844469007121804	spherical_dense
08	2	inverse_cdf	39.0	5.0893977800499455	spherical_dense
08	2	inverse_cdf	40.0	5.739423810303356	spherical_dense
08	2	inverse_cdf	41.0	5.86995757199544	spherical_dense
08	2	inverse_cdf	41.5	5.85354412135601	spherical_dense
09	1	inverse_cdf	2.5	7.982058615763158	spherical_dense
09	1	inverse_cdf	3.0	6.881513784439417	spherical_dense
09	1	inverse_cdf	4.0	6.823587661603964	spherical_dense
09	1	inverse_cdf	5.0	6.697435918746596	spherical_dense
09	1	inverse_cdf	7.5	5.993830773510094	spherical_dense
09	1	inverse_cdf	11.5	2.903448745336411	spherical_dense
09	1	inverse_cdf	16.0	1.478841351700038	spherical_dense
09	1	inverse_cdf	18.5	5.03612462593428	spherical_dense
09	1	inverse_cdf	20.0	5.9691411582180764	spherical_dense
09	1	inverse_cdf	21.0	6.379875453655153	spherical_dense
09	1	inverse_cdf	21.5	6.810777960829537	spherical_dense
09	1	inverse_cdf	22.0	6.612023452292104	spherical_dense
09	1	inverse_cdf	22.5	5.996305587920496	spherical_dense
09	1	inverse_cdf	23.0	4.8517987986054525	spherical_dense
09	1	inverse_cdf	24.0	1.5139840271105052	spherical_dense
09	1	inverse_cdf	25.5	0.3547312437192802	spherical_dense
09	1	inverse_cdf	28.0	2.673305072380488	spherical_dense
09	1	inverse_cdf	32.5	5.552608048789947	spherical_dense
09	1	inverse_cdf	36.5	5.948053516927776	spherical_dense
09	1	inverse_cdf	39.0	5.625507818517601	spherical_dense
09	1	inverse_cdf	40.0	5.854648015541465	spherical_dense
09	1	inverse_cdf	41.0	5.785328246275513	spherical_dense
09	1	inverse_cdf	41.5	6.3202100097586955	spherical_dense
09	2	cdf	5.5	4.3802415614681065	spherical_dense
09	2	cdf	8.0	3.898193120684379	spherical_dense
09	2	cdf	10.0	2.067407589810815	spherical_dense
09	2	cdf	11.0	2.942911559973706	spherical_dense
09	2	cdf	11.5	2.907224263239769	spherical_dense
09	2	cdf	12.0	2.454159163488321	spherical_dense
09	2	cdf	12.5	2.298387058713919	spherical_dense
09	2	cdf	13.0	1.9080934577909492	spherical_dense
09	2	cdf	14.0	0.8528350057797736	spherical_dense
09	2	cdf	16.0	3.1256429180461924	spherical_dense
09	2	cdf	18.5	4.330157406394142	spherical_dense
09	2	cdf	22.0	3.671791282524496	spherical_dense
09	2	cdf	25.5	3.9015425570908313	spherical_dense
09	2	cdf	28.0	3.7940243289747726	spherical_dense
09	2	cdf	30.0	2.592012326362424	spherical_dense
09	2	cdf	31.0	2.477617296188696	spherical_dense
09	2	cdf	31.5	2.9842962138407927	spherical_dense
09	2	cdf	32.0	3.293234025774726	spherical_dense
09	2	cdf	32.5	3.317815437699704	spherical_dense
09	2	cdf	33.0	3.5294555748472662	spherical_dense
09	2	cdf	34.0	3.016842481046083	spherical_dense
09	2	cdf	36.0	3.8035970819862643	spherical_dense
09	2	cdf	38.5	3.958994139320909	spherical_dense
10	1	cdf	5.5	5.292306453853267	spherical_dense
10	1	cdf	8.0	4.870145821890819	spherical_dense
10	1	cdf	10.0	6.093677525695944	spherical_dense
10	1	cdf	11.0	5.387425148906159	spherical_dense
10	1	cdf	11.5	5.128001596596418	spherical_dense
10	1	cdf	12.0	5.201677466229403	spherical_dense
10	1	cdf	12.5	4.954641957578086	spherical_dense
10	1	cdf	13.0	4.405131925800139	spherical_dense
10	1	cdf	14.0	2.7302097546504935	spherical_dense
10	1	cdf	16.0	0.8448856379375143	spherical_dense
10	1	cdf	18.5	1.5212288423595417	spherical_dense
10	1	cdf	22.0	2.7946105286100633	spherical_dense
10	1	cdf	25.5	3.8158973064812205	spherical_dense
10	1	cdf	28.0	4.098531012073632	spherical_dense
10	1	cdf	30.0	4.299436257249552	spherical_dense
10	1	cdf	31.0	4.5466370271837535	spherical_dense
10	1	cdf	31.5	4.635359549024876	spherical_dense
10	1	cdf	32.0	4.507654982926267	spherical_dense
10	1	cdf	32.5	4.5142208093341685	spherical_dense
10	1	cdf	33.0	1.9279242155566685	spherical_dense
10	1	cdf	34.0	4.706534304095521	spherical_dense
10	1	cdf	36.0	3.6019370417334975	spherical_dense
10	1	cdf	38.5	5.737582621473125	spherical_dense
10	2	inverse_cdf	2.5	6.606736403079427	spherical_dense
10	2	inverse_cdf	3.0	4.933037016143465	spherical_dense
10	2	inverse_cdf	4.0	5.773507302955921	spherical_dense
10	2	inverse_cdf	5.0	4.895062187663301	spherical_dense
10	2	inverse_cdf	7.5	4.812636243920862	spherical_dense
10	2	inverse_cdf	11.5	2.1694648424822556	spherical_dense
10	2	inverse_cdf	16.0	3.0287647494540475	spherical_dense
10	2	inverse_cdf	18.5	3.342611258025182	spherical_dense
10	2	inverse_cdf	20.0	4.329449774227452	spherical_dense
10	2	inverse_cdf	21.0	4.893642514525984	spherical_dense
10	2	inverse_cdf	21.5	4.857013007437536	spherical_dense
10	2	inverse_cdf	22.0	4.137499058276467	spherical_dense
10	2	inverse_cdf	22.5	4.809209207831196	spherical_dense
10	2	inverse_cdf	23.0	5.044099989634265	spherical_dense
10	2	inverse_cdf	24.0	5.169832151062562	spherical_dense
10	2	inverse_cdf	25.5	4.48243532561002	spherical_dense
10	2	inverse_cdf	28.0	5.467028166931999	spherical_dense
10	2	inverse_cdf	32.5	3.74261089439883	spherical_dense
10	2	inverse_cdf	36.5	4.651199819437205	spherical_dense
10	2	inverse_cdf	39.0	4.174218925896875	spherical_dense
10	2	inverse_cdf	40.0	5.274022053297595	spherical_dense
10	2	inverse_cdf	41.0	5.1282595336188	spherical_dense
10	2	inverse_cdf	41.5	4.822217523661672	spherical_dense
11	1	inverse_cdf	2.5	8.922261880746374	spherical_dense
11	1	inverse_cdf	3.0	9.540409204216939	spherical_dense
11	1	inverse_cdf	4.0	8.14652865258564	spherical_dense
11	1	inverse_cdf	5.0	7.618101776410357	spherical_dense
11	1	inverse_cdf	7.5	5.001995273430636	spherical_dense
11	1	inverse_cdf	11.5	3.416396005322983	spherical_dense
11	1	inverse_cdf	16.0	2.4650756211468607	spherical_dense
11	1	inverse_cdf	18.5	4.335600309313878	spherical_dense
11	1	inverse_cdf	20.0	4.655470032816307	spherical_dense
11	1	inverse_cdf	21.0	4.660372848225082	spherical_dense
11	1	inverse_cdf	21.5	4.513267316244597	spherical_dense
11	1	inverse_cdf	22.0	3.660943721071225	spherical_dense
11	1	inverse_cdf	22.5	5.1452582529999775	spherical_dense
11	1	inverse_cdf	23.0	4.989112164414317	spherical_dense
11	1	inverse_cdf	24.0	4.378810830294799	spherical_dense
11	1	inverse_cdf	25.5	1.8280081694698884	spherical_dense
11	1	inverse_cdf	28.0	4.871469003697277	spherical_dense
11	1	inverse_cdf	32.5	5.621387132824675	spherical_dense
11	1	inverse_cdf	36.5	4.430469251517143	spherical_dense
11	1	inverse_cdf	39.0	6.330395967898607	spherical_dense
11	1	inverse_cdf	40.0	6.889247746679287	spherical_dense
11	1	inverse_cdf	41.0	6.806995872525034	spherical_dense
11	1	inverse_cdf	41.5	6.820451868704627	spherical_dense
11	2	cdf	5.5	4.949190891588156	spherical_dense
11	2	cdf	8.0	4.550511048017745	spherical_dense
11	2	cdf	10.0	1.659409844080824	spherical_dense
11	2	cdf	11.0	1.8195991729555632	spherical_dense
11	2	cdf	11.5	3.0692935545146756	spherical_dense
11	2	cdf	12.0	3.4426872533670982	spherical_dense
11	2	cdf	12.5	4.549495432069057	spherical_dense
11	2	cdf	13.0	4.216722008148102	spherical_dense
11	2	cdf	14.0	4.08942570637324	spherical_dense
11	2	cdf	16.0	3.1813127823471743	spherical_dense
11	2	cdf	18.5	2.935306202611692	spherical_dense
11	2	cdf	22.0	3.3321172607348912	spherical_dense
11	2	cdf	25.5	3.3094731544772062	spherical_dense
11	2	cdf	28.0	3.068209483823134	spherical_dense
11	2	cdf	30.0	2.3878098153272758	spherical_dense
11	2	cdf	31.0	2.221133076141647	spherical_dense
11	2	cdf	31.5	3.14610146855735	spherical_dense
11	2	cdf	32.0	4.386637255024299	spherical_dense
11	2	cdf	32.5	4.50709429667537	spherical_dense
11	2	cdf	33.0	4.860858066852282	spherical_dense
11	2	cdf	34.0	4.541017080858088	spherical_dense
11	2	cdf	36.0	4.856807092352677	spherical_dense
11	2	cdf	38.5	4.8825434379372785	spherical_dense
12	1	cdf	5.5	6.605932646942378	spherical_dense
12	1	cdf	8.0	1.802675501337909	spherical_dense
12	1	cdf	10.0	0.6216696434411683	spherical_dense
12	1	cdf	11.0	0.5895656470717159	spherical_dense
12	1	cdf	11.5	0.6879280625325981	spherical_dense
12	1	cdf	12.0	0.8978877634322824	spherical_dense
12	1	cdf	12.5	1.2233375987764983	spherical_dense
12	1	cdf	13.0	1.6224161519697777	spherical_dense
12	1	cdf	14.0	2.3961435447413	spherical_dense
12	1	cdf	16.0	4.143285380727049	spherical_dense
12	1	cdf	18.5	3.7793332778298816	spherical_dense
12	1	cdf	22.0	3.5041440644101836	spherical_dense
12	1	cdf	25.5	3.7015992015431367	spherical_dense
12	1	cdf	28.0	3.9779571391506474	spherical_dense
12	1	cdf	30.0	3.924029734968164	spherical_dense
12	1	cdf	31.0	3.7298856755992102	spherical_dense
12	1	cdf	31.5	3.1897294368311484	spherical_dense
12	1	cdf	32.0	2.9435332131225045	spherical_dense
12	1	cdf	32.5	3.0066444931224034	spherical_dense
12	1	cdf	33.0	3.519933881099434	spherical_dense
12	1	cdf	34.0	3.533530689381762	spherical_dense
12	1	cdf	36.0	3.760036835169156	spherical_dense
12	1	cdf	38.5	3.5914368008566453	spherical_dense
12	2	inverse_cdf	2.5	3.0178749613057816	spherical_dense
12	2	inverse_cdf	3.0	3.7970761295226443	spherical_dense
12	2	inverse_cdf	4.0	4.109258375111627	spherical_dense
12	2	inverse_cdf	5.0	3.4894002870567613	spherical_dense
12	2	inverse_cdf	7.5	1.9484576005609522	spherical_dense
12	2	inverse_cdf	11.5	3.123181920405291	spherical_dense
12	2	inverse_cdf	16.0	3.7401195817709474	spherical_dense
12	2	inverse_cdf	18.5	4.667079152139969	spherical_dense
12	2	inverse_cdf	20.0	4.51577204246727	spherical_dense
12	2	inverse_cdf	21.0	4.295836254180625	spherical_dense
12	2	inverse_cdf	21.5	3.8655956469391084	spherical_dense
12	2	inverse_cdf	22.0	2.9124609190083817	spherical_dense
12	2	inverse_cdf	22.5	3.8589076844172814	spherical_dense
12	2	inverse_cdf	23.0	4.140381527559306	spherical_dense
12	2	inverse_cdf	24.0	4.35997714430152	spherical_dense
12	2	inverse_cdf	25.5	4.397593475224055	spherical_dense
12	2	inverse_cdf	28.0	3.8752118185590954	spherical_dense
12	2	inverse_cdf	32.5	1.9436077651058066	spherical_dense
12	2	inverse_cdf	36.5	3.5153488420729735	spherical_dense
12	2	inverse_cdf	39.0	3.9680876487118018	spherical_dense
12	2	inverse_cdf	40.0	5.108690889126237	spherical_dense
12	2	inverse_cdf	41.0	5.046203520705948	spherical_dense
12	2	inverse_cdf	41.5	4.975008595743095	spherical_dense
13	1	inverse_cdf	2.5	0.3843217614682166	spherical_dense
13	1	inverse_cdf	3.0	6.9600857777635134	spherical_dense
13	1	inverse_cdf	4.0	9.955417541536667	spherical_dense
13	1	inverse_cdf	5.0	9.412860991373874	spherical_dense
13	1	inverse_cdf	7.5	5.183474702465675	spherical_dense
13	1	inverse_cdf	11.5	2.4248202376823906	spherical_dense
13	1	inverse_cdf	16.0	2.4032963821381546	spherical_dense
13	1	inverse_cdf	18.5	3.4325556005676687	spherical_dense
13	1	inverse_cdf	20.0	3.975409746295892	spherical_dense
13	1	inverse_cdf	21.0	4.068450339204424	spherical_dense
13	1	inverse_cdf	21.5	3.932943024455895	spherical_dense
13	1	inverse_cdf	22.0	3.4501240569502456	spherical_dense
13	1	inverse_cdf	22.5	4.417402168263307	spherical_dense
13	1	inverse_cdf	23.0	0.3332640551673072	spherical_dense
13	1	inverse_cdf	24.0	0.6364723118111877	spherical_dense
13	1	inverse_cdf	25.5	3.483565013193171	spherical_dense
13	1	inverse_cdf	28.0	4.598745651102265	spherical_dense
13	1	inverse_cdf	32.5	5.028871327710735	spherical_dense
13	1	inverse_cdf	36.5	6.16326089568629	spherical_dense
13	1	inverse_cdf	39.0	5.8691483811279825	spherical_dense
13	1	inverse_cdf	40.0	6.271901533654654	spherical_dense
13	1	inverse_cdf	41.0	6.8744272730766856	spherical_dense
13	1	inverse_cdf	41.5	6.437418558398359	spherical_dense
13	2	cdf	5.5	7.070877508167931	spherical_dense
13	2	cdf	8.0	5.223151307501225	spherical_dense
13	2	cdf	10.0	3.9390966436484125	spherical_dense
13	2	cdf	11.0	2.9157806863834486	spherical_dense
13	2	cdf	11.5	2.399207877116077	spherical_dense
13	2	cdf	12.0	2.473919263759011	spherical_dense
13	2	cdf	12.5	2.8484149622638477	spherical_dense
13	2	cdf	13.0	3.5140943572716545	spherical_dense
13	2	cdf	14.0	3.0656748164219665	spherical_dense
13	2	cdf	16.0	3.84362273668241	spherical_dense
13	2	cdf	18.5	3.640193249886916	spherical_dense
13	2	cdf	22.0	1.9726958859215822	spherical_dense
13	2	cdf	25.5	3.98111093698836	spherical_dense
13	2	cdf	28.0	4.682965718964438	spherical_dense
13	2	cdf	30.0	1.8567272601446991	spherical_dense
13	2	cdf	31.0	3.8512688353708833	spherical_dense
13	2	cdf	31.5	3.5396724754981044	spherical_dense
13	2	cdf	32.0	3.724340908200109	spherical_dense
13	2	cdf	32.5	3.5607825950632566	spherical_dense
13	2	cdf	33.0	3.950344770081768	spherical_dense
13	2	cdf	34.0	4.777882209485041	spherical_dense
13	2	cdf	36.0	4.659149420608399	spherical_dense
13	2	cdf	38.5	3.3912285105402162	spherical_dense
14	1	cdf	5.5	5.274488033057925	spherical_dense
14	1	cdf	8.0	4.558545255994841	spherical_dense
14	1	cdf	10.0	3.712719403868306	spherical_dense
14	1	cdf	11.0	4.8409673556037625	spherical_dense
14	1	cdf	11.5	5.017983367536401	spherical_dense
14	1	cdf	12.0	5.1184940535912276	spherical_dense
14	1	cdf	12.5	5.054432651374439	spherical_dense
14	1	cdf	13.0	5.336950423956786	spherical_dense
14	1	cdf	14.0	5.208322877782405	spherical_dense
14	1	cdf	16.0	4.410499820069586	spherical_dense
14	1	cdf	18.5	4.519168831299444	spherical_dense
14	1	cdf	22.0	4.338112617674539	spherical_dense
14	1	cdf	25.5	3.903919166957385	spherical_dense
14	1	cdf	28.0	0.5223017319322049	spherical_dense
14	1	cdf	30.0	0.7805524384916696	spherical_dense
14	1	cdf	31.0	2.669838724439512	spherical_dense
14	1	cdf	31.5	3.7228159810094876	spherical_dense
14	1	cdf	32.0	4.430996650829443	spherical_dense
14	1	cdf	32.5	5.173907116753612	spherical_dense
14	1	cdf	33.0	5.414012369731289	spherical_dense
14	1	cdf	34.0	5.826868260013345	spherical_dense
14	1	cdf	36.0	5.820681621765658	spherical_dense
14	1	cdf	38.5	5.144823889318877	spherical_dense
14	2	inverse_cdf	2.5	7.470270582529136	spherical_dense
14	2	inverse_cdf	3.0	6.8241328710979055	spherical_dense
14	2	inverse_cdf	4.0	7.536971423942774	spherical_dense
14	2	inverse_cdf	5.0	5.3396259861222015	spherical_dense
14	2	inverse_cdf	7.5	2.716412468203198	spherical_dense
14	2	inverse_cdf	11.5	3.0824719189025114	spherical_dense
14	2	inverse_cdf	16.0	4.30665449093908	spherical_dense
14	2	inverse_cdf	18.5	3.8041923077854047	spherical_dense
14	2	inverse_cdf	20.0	1.926225239707421	spherical_dense
14	2	inverse_cdf	21.0	5.050544168791296	spherical_dense
14	2	inverse_cdf	21.5	6.175790698737006	spherical_dense
14	2	inverse_cdf	22.0	6.3943325576910865	spherical_dense
14	2	inverse_cdf	22.5	6.272326176038929	spherical_dense
14	2	inverse_cdf	23.0	5.468130115980153	spherical_dense
14	2	inverse_cdf	24.0	2.1774272321548906	spherical_dense
14	2	inverse_cdf	25.5	0.7080053395245829	spherical_dense
14	2	inverse_cdf	28.0	0.8212946853217302	spherical_dense
14	2	inverse_cdf	32.5	3.75436701692843	spherical_dense
14	2	inverse_cdf	36.5	4.480694163802424	spherical_dense
14	2	inverse_cdf	39.0	5.139895497843927	spherical_dense
14	2	inverse_cdf	40.0	5.7659531788735965	spherical_dense
14	2	inverse_cdf	41.0	6.7771995592269185	spherical_dense
14	2	inverse_cdf	41.5	6.996610332193134	spherical_dense
15	1	inverse_cdf	2.5	7.247549024972683	spherical_dense
15	1	inverse_cdf	3.0	7.355891128894606	spherical_dense
15	1	inverse_cdf	4.0	6.901455456652747	spherical_dense
15	1	inverse_cdf	5.0	5.8282639013488415	spherical_dense
15	1	inverse_cdf	7.5	3.319441722807286	spherical_dense
15	1	inverse_cdf	11.5	4.603754602693385	spherical_dense
15	1	inverse_cdf	16.0	4.425004806577524	spherical_dense
15	1	inverse_cdf	18.5	3.998573957819809	spherical_dense
15	1	inverse_cdf	20.0	5.64539273615412	spherical_dense
15	1	inverse_cdf	21.0	5.0380923919900695	spherical_dense
15	1	inverse_cdf	21.5	5.253556053550988	spherical_dense
15	1	inverse_cdf	22.0	5.488975141496267	spherical_dense
15	1	inverse_cdf	22.5	4.824238898477379	spherical_dense
15	1	inverse_cdf	23.0	4.427433387747658	spherical_dense
15	1	inverse_cdf	24.0	4.251237792325396	spherical_dense
15	1	inverse_cdf	25.5	3.894300491588083	spherical_dense
15	1	inverse_cdf	28.0	3.4550808414837237	spherical_dense
15	1	inverse_cdf	32.5	4.852478534261314	spherical_dense
15	1	inverse_cdf	36.5	3.0296099342022336	spherical_dense
15	1	inverse_cdf	39.0	5.566154517239802	spherical_dense
15	1	inverse_cdf	40.0	7.058459496891014	spherical_dense
15	1	inverse_cdf	41.0	7.063115813913385	spherical_dense
15	1	inverse_cdf	41.5	6.4999937492780395	spherical_dense
15	2	cdf	5.5	4.928636679656494	spherical_dense
15	2	cdf	8.0	5.0319999244502736	spherical_dense
15	2	cdf	10.0	4.443820331113891	spherical_dense
15	2	cdf	11.0	3.847123743011686	spherical_dense
15	2	cdf	11.5	3.653454137157457	spherical_dense
15	2	cdf	12.0	3.8653344295356473	spherical_dense
15	2	cdf	12.5	3.678494193827104	spherical_dense
15	2	cdf	13.0	3.2469074226784245	spherical_dense
15	2	cdf	14.0	2.977683593028781	spherical_dense
15	2	cdf	16.0	3.6785771385725616	spherical_dense
15	2	cdf	18.5	4.396043482825142	spherical_dense
15	2	cdf	22.0	4.8514534509382266	spherical_dense
15	2	cdf	25.5	3.851174827108496	spherical_dense
15	2	cdf	28.0	1.7012595205503067	spherical_dense
15	2	cdf	30.0	3.5203950644672752	spherical_dense
15	2	cdf	31.0	4.133252073478775	spherical_dense
15	2	cdf	31.5	4.126808352005142	spherical_dense
15	2	cdf	32.0	4.180157253119304	spherical_dense
15	2	cdf	32.5	4.051931116201653	spherical_dense
15	2	cdf	33.0	2.735299766464244	spherical_dense
15	2	cdf	34.0	3.797890556891822	spherical_dense
15	2	cdf	36.0	5.4125038668750625	spherical_dense
15	2	cdf	38.5	5.057809530347582	spherical_dense
16	1	cdf	5.5	6.555449068548516	spherical_dense
16	1	cdf	8.0	2.4739742315677566	spherical_dense
16	1	cdf	10.0	3.996600044220054	spherical_dense
16	1	cdf	11.0	4.190585391910435	spherical_dense
16	1	cdf	11.5	4.8822978414346725	spherical_dense
16	1	cdf	12.0	4.664336531329966	spherical_dense
16	1	cdf	12.5	4.7411607648717595	spherical_dense
16	1	cdf	13.0	4.543555795774294	spherical_dense
16	1	cdf	14.0	4.041905270885129	spherical_dense
16	1	cdf	16.0	4.041215886630766	spherical_dense
16	1	cdf	18.5	4.156703985627631	spherical_dense
16	1	cdf	22.0	3.715336732503232	spherical_dense
16	1	cdf	25.5	2.8245664039888525	spherical_dense
16	1	cdf	28.0	3.6737074742886584	spherical_dense
16	1	cdf	30.0	4.028250820284425	spherical_dense
16	1	cdf	31.0	4.258614453035587	spherical_dense
16	1	cdf	31.5	4.641453775622537	spherical_dense
16	1	cdf	32.0	4.543444877392951	spherical_dense
16	1	cdf	32.5	4.700837057163558	spherical_dense
16	1	cdf	33.0	4.551701541680297	spherical_dense
16	1	cdf	34.0	4.794967809687329	spherical_dense
16	1	cdf	36.0	4.681228629426953	spherical_dense
16	1	cdf	38.5	4.897382755915511	spherical_dense
16	2	inverse_cdf	2.5	6.3182273716245305	spherical_dense
16	2	inverse_cdf	3.0	6.306131159611329	spherical_dense
16	2	inverse_cdf	4.0	6.965394524343955	spherical_dense
16	2	inverse_cdf	5.0	6.868458328526937	spherical_dense
16	2	inverse_cdf	7.5	6.581314659609854	spherical_dense
16	2	inverse_cdf	11.5	4.692796579906163	spherical_dense
16	2	inverse_cdf	16.0	3.3276900196252828	spherical_dense
16	2	inverse_cdf	18.5	4.543156427488423	spherical_dense
16	2	inverse_cdf	20.0	5.5668919835249095	spherical_dense
16	2	inverse_cdf	21.0	5.945634452374543	spherical_dense
16	2	inverse_cdf	21.5	5.852170201440181	spherical_dense
16	2	inverse_cdf	22.0	5.177665014509534	spherical_dense
16	2	inverse_cdf	22.5	4.7757413395892065	spherical_dense
16	2	inverse_cdf	23.0	5.707526176020826	spherical_dense
16	2	inverse_cdf	24.0	5.007329134941667	spherical_dense
16	2	inverse_cdf	25.5	3.7110213551853155	spherical_dense
16	2	inverse_cdf	28.0	4.069539168663592	spherical_dense
16	2	inverse_cdf	32.5	5.5150585112231685	spherical_dense
16	2	inverse_cdf	36.5	3.0879218242659805	spherical_dense
16	2	inverse_cdf	39.0	7.308930873340729	spherical_dense
16	2	inverse_cdf	40.0	7.381294714568845	spherical_dense
16	2	inverse_cdf	41.0	7.449388126222738	spherical_dense
16	2	inverse_cdf	41.5	7.496945967420345	spherical_dense
17	1	inverse_cdf	2.5	7.321881202317586	spherical_dense
17	1	inverse_cdf	3.0	6.970006782828041	spherical_dense
17	1	inverse_cdf	4.0	6.221521816258222	spherical_dense
17	1	inverse_cdf	5.0	6.318165978310543	spherical_dense
17	1	inverse_cdf	7.5	5.552478998389111	spherical_dense
17	1	inverse_cdf	11.5	5.371387447349434	spherical_dense
17	1	inverse_cdf	16.0	4.769290659855023	spherical_dense
17	1	inverse_cdf	18.5	4.495602619521482	spherical_dense
17	1	inverse_cdf	20.0	4.574864400722619	spherical_dense
17	1	inverse_cdf	21.0	4.109345686003911	spherical_dense
17	1	inverse_cdf	21.5	2.0235174504095075	spherical_dense
17	1	inverse_cdf	22.0	0.08371953453010714	spherical_dense
17	1	inverse_cdf	22.5	1.732369713145343	spherical_dense
17	1	inverse_cdf	23.0	3.1610853060705746	spherical_dense
17	1	inverse_cdf	24.0	3.456661977640012	spherical_dense
17	1	inverse_cdf	25.5	4.556379222407929	spherical_dense
17	1	inverse_cdf	28.0	4.711964168743862	spherical_dense
17	1	inverse_cdf	32.5	5.101036977129778	spherical_dense
17	1	inverse_cdf	36.5	5.615176457087439	spherical_dense
17	1	inverse_cdf	39.0	5.676829495173503	spherical_dense
17	1	inverse_cdf	40.0	5.597414508032698	spherical_dense
17	1	inverse_cdf	41.0	6.159687353595118	spherical_dense
17	1	inverse_cdf	41.5	6.187586420237697	spherical_dense
17	2	cdf	5.5	5.857323299172124	spherical_dense
17	2	cdf	8.0	5.19057628994382	spherical_dense
17	2	cdf	10.0	5.588494885524401	spherical_dense
17	2	cdf	11.0	5.41785495446926	spherical_dense
17	2	cdf	11.5	5.411754960828268	spherical_dense
17	2	cdf	12.0	5.402283494547485	spherical_dense
17	2	cdf	12.5	5.304231613298504	spherical_dense
17	2	cdf	13.0	5.0811441618695365	spherical_dense
17	2	cdf	14.0	4.122534107961182	spherical_dense
17	2	cdf	16.0	3.80855962705899	spherical_dense
17	2	cdf	18.5	3.429578749919042	spherical_dense
17	2	cdf	22.0	2.257420401110464	spherical_dense
17	2	cdf	25.5	0.9209829685875017	spherical_dense
17	2	cdf	28.0	3.140687312204653	spherical_dense
17	2	cdf	30.0	4.546244022808277	spherical_dense
17	2	cdf	31.0	4.757307222680848	spherical_dense
17	2	cdf	31.5	5.053288992036261	spherical_dense
17	2	cdf	32.0	4.912713589565996	spherical_dense
17	2	cdf	32.5	4.888447992794491	spherical_dense
17	2	cdf	33.0	4.891112981696935	spherical_dense
17	2	cdf	34.0	4.941495985785382	spherical_dense
17	2	cdf	36.0	4.991320657297157	spherical_dense
17	2	cdf	38.5	5.088490993100854	spherical_dense
18	1	cdf	5.5	4.652932118550727	spherical_dense
18	1	cdf	8.0	3.1698948265767624	spherical_dense
18	1	cdf	10.0	3.521463185307768	spherical_dense
18	1	cdf	11.0	2.274826704323282	spherical_dense
18	1	cdf	11.5	1.1333449728432172	spherical_dense
18	1	cdf	12.0	0.7487872519618831	spherical_dense
18	1	cdf	12.5	0.7633672716319028	spherical_dense
18	1	cdf	13.0	2.1547242973132494	spherical_dense
18	1	cdf	14.0	3.4681985904102075	spherical_dense
18	1	cdf	16.0	4.526942240664335	spherical_dense
18	1	cdf	18.5	4.534403117678641	spherical_dense
18	1	cdf	22.0	3.5829927339724685	spherical_dense
18	1	cdf	25.5	3.9992662220490924	spherical_dense
18	1	cdf	28.0	0.47747743248963137	spherical_dense
18	1	cdf	30.0	0.8630269721725312	spherical_dense
18	1	cdf	31.0	2.464888329612848	spherical_dense
18	1	cdf	31.5	2.6314454351106717	spherical_dense
18	1	cdf	32.0	2.500167085294997	spherical_dense
18	1	cdf	32.5	3.5859999191799288	spherical_dense
18	1	cdf	33.0	3.75005866457427	spherical_dense
18	1	cdf	34.0	4.158370155713132	spherical_dense
18	1	cdf	36.0	4.195174653111291	spherical_dense
18	1	cdf	38.5	4.297475901910844	spherical_dense
18	2	inverse_cdf	2.5	5.395932299062326	spherical_dense
18	2	inverse_cdf	3.0	4.508809366005885	spherical_dense
18	2	inverse_cdf	4.0	6.079982850481505	spherical_dense
18	2	inverse_cdf	5.0	6.216226471624834	spherical_dense
18	2	inverse_cdf	7.5	4.982442210562761	spherical_dense
18	2	inverse_cdf	11.5	7.081086248603019	spherical_dense
18	2	inverse_cdf	16.0	4.637080657432627	spherical_dense
18	2	inverse_cdf	18.5	5.330733293684316	spherical_dense
18	2	inverse_cdf	20.0	5.618264483234742	spherical_dense
18	2	inverse_cdf	21.0	5.648317617364591	spherical_dense
18	2	inverse_cdf	21.5	2.3514026846444405	spherical_dense
18	2	inverse_cdf	22.0	0.09084609752802099	spherical_dense
18	2	inverse_cdf	22.5	4.680533548666554	spherical_dense
18	2	inverse_cdf	23.0	4.690102048098352	spherical_dense
18	2	inverse_cdf	24.0	1.6086540293385738	spherical_dense
18	2	inverse_cdf	25.5	0.4966462175751788	spherical_dense
18	2	inverse_cdf	28.0	5.060612523411456	spherical_dense
18	2	inverse_cdf	32.5	5.23187777616889	spherical_dense
18	2	inverse_cdf	36.5	5.488638778333837	spherical_dense
18	2	inverse_cdf	39.0	5.44961035697878	spherical_dense
18	2	inverse_cdf	40.0	5.555480756938023	spherical_dense
18	2	inverse_cdf	41.0	5.727256807251508	spherical_dense
18	2	inverse_cdf	41.5	4.332881004362926	spherical_dense
19	1	inverse_cdf	2.5	6.65569140381707	spherical_dense
19	1	inverse_cdf	3.0	6.673431023609884	spherical_dense
19	1	inverse_cdf	4.0	5.758925515733763	spherical_dense
19	1	inverse_cdf	5.0	5.088234171329114	spherical_dense
19	1	inverse_cdf	7.5	1.9263208067509443	spherical_dense
19	1	inverse_cdf	11.5	2.2090812241495	spherical_dense
19	1	inverse_cdf	16.0	2.898143442304949	spherical_dense
19	1	inverse_cdf	18.5	4.197937289423733	spherical_dense
19	1	inverse_cdf	20.0	4.917112404427089	spherical_dense
19	1	inverse_cdf	21.0	4.956834706496569	spherical_dense
19	1	inverse_cdf	21.5	4.560520656070112	spherical_dense
19	1	inverse_cdf	22.0	3.099431187347214	spherical_dense
19	1	inverse_cdf	22.5	4.150769553229178	spherical_dense
19	1	inverse_cdf	23.0	4.300899357611532	spherical_dense
19	1	inverse_cdf	24.0	4.182739564374991	spherical_dense
19	1	inverse_cdf	25.5	4.7742194853952435	spherical_dense
19	1	inverse_cdf	28.0	3.007297742711889	spherical_dense
19	1	inverse_cdf	32.5	1.2297718637791912	spherical_dense
19	1	inverse_cdf	36.5	2.8162428560878023	spherical_dense
19	1	inverse_cdf	39.0	5.760603117769838	spherical_dense
19	1	inverse_cdf	40.0	6.491261083452366	spherical_dense
19	1	inverse_cdf	41.0	7.073414503655635	spherical_dense
19	1	inverse_cdf	41.5	6.865130091227752	spherical_dense
19	2	cdf	5.5	2.9782306666780576	spherical_dense
19	2	cdf	8.0	2.5096846922006546	spherical_dense
19	2	cdf	10.0	3.536686788009213	spherical_dense
19	2	cdf	11.0	4.044137735167268	spherical_dense
19	2	cdf	11.5	4.170106590716361	spherical_dense
19	2	cdf	12.0	4.490604065147975	spherical_dense
19	2	cdf	12.5	4.198539263545853	spherical_dense
19	2	cdf	13.0	4.402665459412826	spherical_dense
19	2	cdf	14.0	4.573517423432678	spherical_dense
19	2	cdf	16.0	4.90326138826482	spherical_dense
19	2	cdf	18.5	4.424312255898531	spherical_dense
19	2	cdf	22.0	2.991862306666299	spherical_dense
19	2	cdf	25.5	2.2644933898963346	spherical_dense
19	2	cdf	28.0	3.559336399567624	spherical_dense
19	2	cdf	30.0	2.748776111618601	spherical_dense
19	2	cdf	31.0	4.773827733162198	spherical_dense
19	2	cdf	31.5	5.288218768167087	spherical_dense
19	2	cdf	32.0	5.15412395009943	spherical_dense
19	2	cdf	32.5	4.948500341295633	spherical_dense
19	2	cdf	33.0	4.680874178093221	spherical_dense
19	2	cdf	34.0	4.50159210097123	spherical_dense
19	2	cdf	36.0	4.3403367869637	spherical_dense
19	2	cdf	38.5	4.829674731009062	spherical_dense
20	1	cdf	5.5	7.195820642246043	spherical_dense
20	1	cdf	8.0	5.53150485540906	spherical_dense
20	1	cdf	10.0	5.587241358410195	spherical_dense
20	1	cdf	11.0	5.306145229947234	spherical_dense
20	1	cdf	11.5	5.642032627059248	spherical_dense
20	1	cdf	12.0	4.766247813242106	spherical_dense
20	1	cdf	12.5	4.2251777529764585	spherical_dense
20	1	cdf	13.0	3.6243113116431975	spherical_dense
20	1	cdf	14.0	2.5438387706140593	spherical_dense
20	1	cdf	16.0	3.7658343032906814	spherical_dense
20	1	cdf	18.5	3.4122346125837106	spherical_dense
20	1	cdf	22.0	4.0334732559019475	spherical_dense
20	1	cdf	25.5	1.9766491767718362	spherical_dense
20	1	cdf	28.0	2.4737516793779655	spherical_dense
20	1	cdf	30.0	3.523427110883161	spherical_dense
20	1	cdf	31.0	4.458161264953652	spherical_dense
20	1	cdf	31.5	4.819414957932027	spherical_dense
20	1	cdf	32.0	5.160207824814813	spherical_dense
20	1	cdf	32.5	5.100709234156618	spherical_dense
20	1	cdf	33.0	5.405758245367627	spherical_dense
20	1	cdf	34.0	5.281924941911716	spherical_dense
20	1	cdf	36.0	4.8312945360615105	spherical_dense
20	1	cdf	38.5	5.277601075407528	spherical_dense
20	2	inverse_cdf	2.5	7.6711462748705355	spherical_dense
20	2	inverse_cdf	3.0	7.411122432495672	spherical_dense
20	2	inverse_cdf	4.0	7.091264462010986	spherical_dense
20	2	inverse_cdf	5.0	6.670225664334749	spherical_dense
20	2	inverse_cdf	7.5	5.929925096413295	spherical_dense
20	2	inverse_cdf	11.5	3.8345540628078245	spherical_dense
20	2	inverse_cdf	16.0	3.4314787692301216	spherical_dense
20	2	inverse_cdf	18.5	3.971599214929108	spherical_dense
20	2	inverse_cdf	20.0	4.783670904890728	spherical_dense
20	2	inverse_cdf	21.0	5.517014472341065	spherical_dense
20	2	inverse_cdf	21.5	4.686202213675596	spherical_dense
20	2	inverse_cdf	22.0	2.2939963240650227	spherical_dense
20	2	inverse_cdf	22.5	4.881384141457077	spherical_dense
20	2	inverse_cdf	23.0	5.043857073268166	spherical_dense
20	2	inverse_cdf	24.0	5.207500800513899	spherical_dense
20	2	inverse_cdf	25.5	5.360460254124897	spherical_dense
20	2	inverse_cdf	28.0	4.513073854274549	spherical_dense
20	2	inverse_cdf	32.5	4.3389211023576815	spherical_dense
20	2	inverse_cdf	36.5	3.0069573770704037	spherical_dense
20	2	inverse_cdf	39.0	6.258722793043877	spherical_dense
20	2	inverse_cdf	40.0	6.258384781291171	spherical_dense
20	2	inverse_cdf	41.0	6.492504864670395	spherical_dense
20	2	inverse_cdf	41.5	6.51362511325088	spherical_dense
21	1	inverse_cdf	2.5	7.118260965189152	spherical_dense
21	1	inverse_cdf	3.0	7.160134210749788	spherical_dense
21	1	inverse_cdf	4.0	7.387801619009917	spherical_dense
21	1	inverse_cdf	5.0	6.288651568373421	spherical_dense
21	1	inverse_cdf	7.5	5.316212291970132	spherical_dense
21	1	inverse_cdf	11.5	3.4668148715898397	spherical_dense
21	1	inverse_cdf	16.0	3.74271194217535	spherical_dense
21	1	inverse_cdf	18.5	3.4868467004053723	spherical_dense
21	1	inverse_cdf	20.0	3.2614097782123155	spherical_dense
21	1	inverse_cdf	21.0	4.683099974721802	spherical_dense
21	1	inverse_cdf	21.5	4.841211455445558	spherical_dense
21	1	inverse_cdf	22.0	4.730718099172681	spherical_dense
21	1	inverse_cdf	22.5	5.454730591661925	spherical_dense
21	1	inverse_cdf	23.0	5.5395254197006745	spherical_dense
21	1	inverse_cdf	24.0	5.605334315482386	spherical_dense
21	1	inverse_cdf	25.5	5.749886407569084	spherical_dense
21	1	inverse_cdf	28.0	4.02473250585052	spherical_dense
21	1	inverse_cdf	32.5	4.891623035233619	spherical_dense
21	1	inverse_cdf	36.5	6.757557847642924	spherical_dense
21	1	inverse_cdf	39.0	4.257446675588143	spherical_dense
21	1	inverse_cdf	40.0	5.867680330677441	spherical_dense
21	1	inverse_cdf	41.0	6.493530690867409	spherical_dense
21	1	inverse_cdf	41.5	6.56800442219984	spherical_dense
21	2	cdf	5.5	2.8180773438082167	spherical_dense
21	2	cdf	8.0	0.4257789163442758	spherical_dense
21	2	cdf	10.0	4.889533718068865	spherical_dense
21	2	cdf	11.0	3.7854857173231946	spherical_dense
21	2	cdf	11.5	4.265451580814724	spherical_dense
21	2	cdf	12.0	4.674795558410414	spherical_dense
21	2	cdf	12.5	4.32405452694749	spherical_dense
21	2	cdf	13.0	4.084512875821573	spherical_dense
21	2	cdf	14.0	4.231994107226924	spherical_dense
21	2	cdf	16.0	4.113239621578775	spherical_dense
21	2	cdf	18.5	3.9123866355988035	spherical_dense
21	2	cdf	22.0	3.6902154035655284	spherical_dense
21	2	cdf	25.5	3.6938268445596467	spherical_dense
21	2	cdf	28.0	3.731038500148287	spherical_dense
21	2	cdf	30.0	3.5663827111068764	spherical_dense
21	2	cdf	31.0	3.3895729977569187	spherical_dense
21	2	cdf	31.5	3.924814738451199	spherical_dense
21	2	cdf	32.0	3.797193725523779	spherical_dense
21	2	cdf	32.5	3.8478230193260683	spherical_dense
21	2	cdf	33.0	3.7869976364451534	spherical_dense
21	2	cdf	34.0	4.107298866016973	spherical_dense
21	2	cdf	36.0	4.644866910359927	spherical_dense
21	2	cdf	38.5	2.460294286233719	spherical_dense
22	1	cdf	5.5	5.101906319805372	spherical_dense
22	1	cdf	8.0	2.2395452585939473	spherical_dense
22	1	cdf	10.0	3.8904903481414843	spherical_dense
22	1	cdf	11.0	4.964581373426677	spherical_dense
22	1	cdf	11.5	5.106120596401689	spherical_dense
22	1	cdf	12.0	4.988555700587138	spherical_dense
22	1	cdf	12.5	5.0795212424707055	spherical_dense
22	1	cdf	13.0	5.1587569460369	spherical_dense
22	1	cdf	14.0	5.185920218145439	spherical_dense
22	1	cdf	16.0	5.446143699189872	spherical_dense
22	1	cdf	18.5	4.066472543881123	spherical_dense
22	1	cdf	22.0	1.2942661022989548	spherical_dense
22	1	cdf	25.5	3.041999161287652	spherical_dense
22	1	cdf	28.0	3.2952805954561564	spherical_dense
22	1	cdf	30.0	4.326852782708069	spherical_dense
22	1	cdf	31.0	4.330495710760201	spherical_dense
22	1	cdf	31.5	4.3708078847742735	spherical_dense
22	1	cdf	32.0	4.435442081308868	spherical_dense
22	1	cdf	32.5	4.939457760266585	spherical_dense
22	1	cdf	33.0	4.373155309520188	spherical_dense
22	1	cdf	34.0	4.810655613079199	spherical_dense
22	1	cdf	36.0	4.991888261238396	spherical_dense
22	1	cdf	38.5	4.935013576874736	spherical_dense
22	2	inverse_cdf	2.5	1.099245656489281	spherical_dense
22	2	inverse_cdf	3.0	4.778018775155804	spherical_dense
22	2	inverse_cdf	4.0	4.893681327907673	spherical_dense
22	2	inverse_cdf	5.0	4.958073355487512	spherical_dense
22	2	inverse_cdf	7.5	4.589439121013573	spherical_dense
22	2	inverse_cdf	11.5	3.7752446439327585	spherical_dense
22	2	inverse_cdf	16.0	4.830876492118511	spherical_dense
22	2	inverse_cdf	18.5	6.164355271108586	spherical_dense
22	2	inverse_cdf	20.0	5.775483267622695	spherical_dense
22	2	inverse_cdf	21.0	5.554334271638123	spherical_dense
22	2	inverse_cdf	21.5	5.572715832621327	spherical_dense
22	2	inverse_cdf	22.0	3.8785253036352114	spherical_dense
22	2	inverse_cdf	22.5	4.136265875186534	spherical_dense
22	2	inverse_cdf	23.0	4.242118775569131	spherical_dense
22	2	inverse_cdf	24.0	2.779187598655147	spherical_dense
22	2	inverse_cdf	25.5	1.8096834008038936	spherical_dense
22	2	inverse_cdf	28.0	2.417574397649136	spherical_dense
22	2	inverse_cdf	32.5	3.958680918504822	spherical_dense
22	2	inverse_cdf	36.5	4.994046001707286	spherical_dense
22	2	inverse_cdf	39.0	5.2391023964503205	spherical_dense
22	2	inverse_cdf	40.0	6.011737745321707	spherical_dense
22	2	inverse_cdf	41.0	6.440152153449571	spherical_dense
22	2	inverse_cdf	41.5	6.443524374671331	spherical_dense
23	1	inverse_cdf	2.5	10.167567640362966	spherical_dense
23	1	inverse_cdf	3.0	6.3771018164401125	spherical_dense
23	1	inverse_cdf	4.0	7.037766891373809	spherical_dense
23	1	inverse_cdf	5.0	5.605849606395327	spherical_dense
23	1	inverse_cdf	7.5	5.238770582356394	spherical_dense
23	1	inverse_cdf	11.5	4.287516216657092	spherical_dense
23	1	inverse_cdf	16.0	4.915253258573524	spherical_dense
23	1	inverse_cdf	18.5	5.073473035374488	spherical_dense
23	1	inverse_cdf	20.0	5.040776144590811	spherical_dense
23	1	inverse_cdf	21.0	5.155486520428306	spherical_dense
23	1	inverse_cdf	21.5	3.888073335811997	spherical_dense
23	1	inverse_cdf	22.0	4.406324882790538	spherical_dense
23	1	inverse_cdf	22.5	5.146381797680717	spherical_dense
23	1	inverse_cdf	23.0	5.655030794558437	spherical_dense
23	1	inverse_cdf	24.0	4.361736407030592	spherical_dense
23	1	inverse_cdf	25.5	0.9221292730979243	spherical_dense
23	1	inverse_cdf	28.0	3.9194879484985847	spherical_dense
23	1	inverse_cdf	32.5	5.51733504599042	spherical_dense
23	1	inverse_cdf	36.5	5.69892607424316	spherical_dense
23	1	inverse_cdf	39.0	6.343108208678677	spherical_dense
23	1	inverse_cdf	40.0	6.326940003990749	spherical_dense
23	1	inverse_cdf	41.0	6.357294478770785	spherical_dense
23	1	inverse_cdf	41.5	5.680478622120552	spherical_dense
23	2	cdf	5.5	4.431559302160408	spherical_dense
23	2	cdf	8.0	4.476010814313932	spherical_dense
23	2	cdf	10.0	4.280126116333052	spherical_dense
23	2	cdf	11.0	4.690641292342153	spherical_dense
23	2	cdf	11.5	5.130142531563244	spherical_dense
23	2	cdf	12.0	5.177101548160085	spherical_dense
23	2	cdf	12.5	5.075835098896479	spherical_dense
23	2	cdf	13.0	5.083836846402685	spherical_dense
23	2	cdf	14.0	5.154961543827631	spherical_dense
23	2	cdf	16.0	4.719317316932509	spherical_dense
23	2	cdf	18.5	3.645892924910889	spherical_dense
23	2	cdf	22.0	2.4725806041207687	spherical_dense
23	2	cdf	25.5	4.002844400457237	spherical_dense
23	2	cdf	28.0	3.9805574318025942	spherical_dense
23	2	cdf	30.0	4.807542764571561	spherical_dense
23	2	cdf	31.0	4.666706865236125	spherical_dense
23	2	cdf	31.5	5.172672562400095	spherical_dense
23	2	cdf	32.0	5.493165762490484	spherical_dense
23	2	cdf	32.5	5.4493982270667685	spherical_dense
23	2	cdf	33.0	5.5761493334558985	spherical_dense
23	2	cdf	34.0	5.365767022765114	spherical_dense
23	2	cdf	36.0	5.305961248546131	spherical_dense
23	2	cdf	38.5	3.2558298880700174	spherical_dense
24	1	cdf	5.5	6.404457997456002	spherical_dense
24	1	cdf	8.0	1.0044881553622786	spherical_dense
24	1	cdf	10.0	4.946662853560114	spherical_dense
24	1	cdf	11.0	5.6188311761393726	spherical_dense
24	1	cdf	11.5	5.758324499111557	spherical_dense
24	1	cdf	12.0	5.828984012022684	spherical_dense
24	1	cdf	12.5	5.508984018916995	spherical_dense
24	1	cdf	13.0	5.467689439712452	spherical_dense
24	1	cdf	14.0	4.610688771411462	spherical_dense
24	1	cdf	16.0	4.157138749592432	spherical_dense
24	1	cdf	18.5	4.054376241385032	spherical_dense
24	1	cdf	22.0	1.6882818602276795	spherical_dense
24	1	cdf	25.5	3.9097268521411577	spherical_dense
24	1	cdf	28.0	4.409252703792796	spherical_dense
24	1	cdf	30.0	3.7890988184845806	spherical_dense
24	1	cdf	31.0	4.141094533022107	spherical_dense
24	1	cdf	31.5	4.392079455315776	spherical_dense
24	1	cdf	32.0	4.4463365008722855	spherical_dense
24	1	cdf	32.5	4.934281039360457	spherical_dense
24	1	cdf	33.0	4.860852650271595	spherical_dense
24	1	cdf	34.0	5.165273945244803	spherical_dense
24	1	cdf	36.0	4.023740692144775	spherical_dense
24	1	cdf	38.5	4.690484627785756	spherical_dense
24	2	inverse_cdf	2.5	4.010470375648758	spherical_dense
24	2	inverse_cdf	3.0	6.570429705007136	spherical_dense
24	2	inverse_cdf	4.0	4.365404014964372	spherical_dense
24	2	inverse_cdf	5.0	2.7684267378923777	spherical_dense
24	2	inverse_cdf	7.5	4.99332156511319	spherical_dense
24	2	inverse_cdf	11.5	4.913436083004886	spherical_dense
24	2	inverse_cdf	16.0	4.45748629845224	spherical_dense
24	2	inverse_cdf	18.5	4.082415619618891	spherical_dense
24	2	inverse_cdf	20.0	2.4694533575340474	spherical_dense
24	2	inverse_cdf	21.0	2.7146372732919493	spherical_dense
24	2	inverse_cdf	21.5	2.2006621878379757	spherical_dense
24	2	inverse_cdf	22.0	1.7397941744174725	spherical_dense
24	2	inverse_cdf	22.5	3.5254124422328084	spherical_dense
24	2	inverse_cdf	23.0	3.6048997616191	spherical_dense
24	2	inverse_cdf	24.0	3.7353255083556065	spherical_dense
24	2	inverse_cdf	25.5	3.8135667753907563	spherical_dense
24	2	inverse_cdf	28.0	3.614656732207895	spherical_dense
24	2	inverse_cdf	32.5	3.7439562896029277	spherical_dense
24	2	inverse_cdf	36.5	6.1886962123106315	spherical_dense
24	2	inverse_cdf	39.0	7.051136183787685	spherical_dense
24	2	inverse_cdf	40.0	7.586730555446404	spherical_dense
24	2	inverse_cdf	41.0	7.325649363870319	spherical_dense
24	2	inverse_cdf	41.5	6.851991258524414	spherical_dense
25	1	inverse_cdf	2.5	5.639933484478053	spherical_dense
25	1	inverse_cdf	3.0	5.809040463953775	spherical_dense
25	1	inverse_cdf	4.0	5.473102002346696	spherical_dense
25	1	inverse_cdf	5.0	5.452631873156531	spherical_dense
25	1	inverse_cdf	7.5	5.835632324019052	spherical_dense
25	1	inverse_cdf	11.5	6.327612205265087	spherical_dense
25	1	inverse_cdf	16.0	5.250278834761302	spherical_dense
25	1	inverse_cdf	18.5	4.504636264932367	spherical_dense
25	1	inverse_cdf	20.0	6.02974710627651	spherical_dense
25	1	inverse_cdf	21.0	6.709327528399019	spherical_dense
25	1	inverse_cdf	21.5	4.33584386438493	spherical_dense
25	1	inverse_cdf	22.0	2.0751242674979844	spherical_dense
25	1	inverse_cdf	22.5	6.070473708313027	spherical_dense
25	1	inverse_cdf	23.0	7.023417039964902	spherical_dense
25	1	inverse_cdf	24.0	6.872650143567303	spherical_dense
25	1	inverse_cdf	25.5	5.9053031054795495	spherical_dense
25	1	inverse_cdf	28.0	0.17738029410141196	spherical_dense
25	1	inverse_cdf	32.5	4.145866800330079	spherical_dense
25	1	inverse_cdf	36.5	6.163955622571635	spherical_dense
25	1	inverse_cdf	39.0	6.543372829961246	spherical_dense
25	1	inverse_cdf	40.0	6.5449752829459555	spherical_dense
25	1	inverse_cdf	41.0	6.694161040370193	spherical_dense
25	1	inverse_cdf	41.5	6.796578265704418	spherical_dense
25	2	cdf	5.5	5.369149572385685	spherical_dense
25	2	cdf	8.0	4.847184578313259	spherical_dense
25	2	cdf	10.0	4.375691446537023	spherical_dense
25	2	cdf	11.0	5.183805929193153	spherical_dense
25	2	cdf	11.5	5.228052395343126	spherical_dense
25	2	cdf	12.0	5.423816013433288	spherical_dense
25	2	cdf	12.5	4.733051969935847	spherical_dense
25	2	cdf	13.0	1.9525002675764622	spherical_dense
25	2	cdf	14.0	2.267286106613108	spherical_dense
25	2	cdf	16.0	4.841524222439417	spherical_dense
25	2	cdf	18.5	4.282594562226388	spherical_dense
25	2	cdf	22.0	3.56627115708971	spherical_dense
25	2	cdf	25.5	3.8988391408939527	spherical_dense
25	2	cdf	28.0	4.263356040424451	spherical_dense
25	2	cdf	30.0	4.2996169658875765	spherical_dense
25	2	cdf	31.0	4.510066762812169	spherical_dense
25	2	cdf	31.5	4.723232168223623	spherical_dense
25	2	cdf	32.0	4.946733341509536	spherical_dense
25	2	cdf	32.5	4.499869114645164	spherical_dense
25	2	cdf	33.0	2.2930702652716217	spherical_dense
25	2	cdf	34.0	5.049047555849445	spherical_dense
25	2	cdf	36.0	5.534265487483106	spherical_dense
25	2	cdf	38.5	5.831059577988219	spherical_dense
26	1	cdf	5.5	5.695293151063353	spherical_dense
26	1	cdf	8.0	2.3692089311573894	spherical_dense
26	1	cdf	10.0	3.2534459899905572	spherical_dense
26	1	cdf	11.0	4.876652162939457	spherical_dense
26	1	cdf	11.5	5.063415339528298	spherical_dense
26	1	cdf	12.0	5.048855279579174	spherical_dense
26	1	cdf	12.5	4.975176358580248	spherical_dense
26	1	cdf	13.0	4.853740733501261	spherical_dense
26	1	cdf	14.0	4.0378991186246225	spherical_dense
26	1	cdf	16.0	3.5245337761698607	spherical_dense
26	1	cdf	18.5	4.110546723134471	spherical_dense
26	1	cdf	22.0	4.230781619135399	spherical_dense
26	1	cdf	25.5	2.815810123070472	spherical_dense
26	1	cdf	28.0	0.812844272211822	spherical_dense
26	1	cdf	30.0	1.7331248695044126	spherical_dense
26	1	cdf	31.0	2.871314915271094	spherical_dense
26	1	cdf	31.5	3.437302497486274	spherical_dense
26	1	cdf	32.0	3.716150625199291	spherical_dense
26	1	cdf	32.5	3.284183840323196	spherical_dense
26	1	cdf	33.0	3.4781057743988604	spherical_dense
26	1	cdf	34.0	4.045873666483406	spherical_dense
26	1	cdf	36.0	4.69665660718409	spherical_dense
26	1	cdf	38.5	4.872900238723741	spherical_dense
26	2	inverse_cdf	2.5	7.760655880843081	spherical_dense
26	2	inverse_cdf	3.0	7.346287121175823	spherical_dense
26	2	inverse_cdf	4.0	7.112246527524277	spherical_dense
26	2	inverse_cdf	5.0	6.831956612860239	spherical_dense
26	2	inverse_cdf	7.5	6.194722615230847	spherical_dense
26	2	inverse_cdf	11.5	3.856660995806851	spherical_dense
26	2	inverse_cdf	16.0	1.6816477417488627	spherical_dense
26	2	inverse_cdf	18.5	1.458089473064413	spherical_dense
26	2	inverse_cdf	20.0	2.316627206534768	spherical_dense
26	2	inverse_cdf	21.0	4.807259468110759	spherical_dense
26	2	inverse_cdf	21.5	4.981575876202146	spherical_dense
26	2	inverse_cdf	22.0	4.86107942430673	spherical_dense
26	2	inverse_cdf	22.5	5.195687309128531	spherical_dense
26	2	inverse_cdf	23.0	5.009678525396056	spherical_dense
26	2	inverse_cdf	24.0	5.187284601236275	spherical_dense
26	2	inverse_cdf	25.5	5.344274761955527	spherical_dense
26	2	inverse_cdf	28.0	5.397061208572055	spherical_dense
26	2	inverse_cdf	32.5	4.453029985963839	spherical_dense
26	2	inverse_cdf	36.5	3.114350654405966	spherical_dense
26	2	inverse_cdf	39.0	6.320130213032138	spherical_dense
26	2	inverse_cdf	40.0	7.043643228718539	spherical_dense
26	2	inverse_cdf	41.0	6.506650782385037	spherical_dense
26	2	inverse_cdf	41.5	6.819552015923821	spherical_dense
27	1	inverse_cdf	2.5	4.940331786881262	spherical_dense
27	1	inverse_cdf	3.0	4.422901288917391	spherical_dense
27	1	inverse_cdf	4.0	3.3681519975584178	spherical_dense
27	1	inverse_cdf	5.0	3.504548552811547	spherical_dense
27	1	inverse_cdf	7.5	3.228344596261081	spherical_dense
27	1	inverse_cdf	11.5	3.0477316042848863	spherical_dense
27	1	inverse_cdf	16.0	3.1529026929014905	spherical_dense
27	1	inverse_cdf	18.5	4.786062725008517	spherical_dense
27	1	inverse_cdf	20.0	4.33583570406239	spherical_dense
27	1	inverse_cdf	21.0	4.283384282086663	spherical_dense
27	1	inverse_cdf	21.5	4.649545062197326	spherical_dense
27	1	inverse_cdf	22.0	4.611943785754161	spherical_dense
27	1	inverse_cdf	22.5	4.798456056977353	spherical_dense
27	1	inverse_cdf	23.0	4.146944123992233	spherical_dense
27	1	inverse_cdf	24.0	4.310600994588697	spherical_dense
27	1	inverse_cdf	25.5	3.1602600861532726	spherical_dense
27	1	inverse_cdf	28.0	1.418890405772979	spherical_dense
27	1	inverse_cdf	32.5	3.8204365835851046	spherical_dense
27	1	inverse_cdf	36.5	3.458110989022335	spherical_dense
27	1	inverse_cdf	39.0	2.572407259678013	spherical_dense
27	1	inverse_cdf	40.0	2.31067202156417	spherical_dense
27	1	inverse_cdf	41.0	3.5222941746859857	spherical_dense
27	1	inverse_cdf	41.5	4.3976348112322015	spherical_dense
27	2	cdf	5.5	4.084278583414941	spherical_dense
27	2	cdf	8.0	4.247964063955657	spherical_dense
27	2	cdf	10.0	4.374375093793844	spherical_dense
27	2	cdf	11.0	4.057723896027694	spherical_dense
27	2	cdf	11.5	3.925628329054165	spherical_dense
27	2	cdf	12.0	3.828275661432478	spherical_dense
27	2	cdf	12.5	3.9420366844854033	spherical_dense
27	2	cdf	13.0	3.311336640826052	spherical_dense
27	2	cdf	14.0	3.272881016409856	spherical_dense
27	2	cdf	16.0	2.843267850185951	spherical_dense
27	2	cdf	18.5	3.548522404177962	spherical_dense
27	2	cdf	22.0	4.073274546693282	spherical_dense
27	2	cdf	25.5	4.201218288237303	spherical_dense
27	2	cdf	28.0	4.529714453269947	spherical_dense
27	2	cdf	30.0	1.5531217318526656	spherical_dense
27	2	cdf	31.0	1.8660248071089722	spherical_dense
27	2	cdf	31.5	3.6557875525863666	spherical_dense
27	2	cdf	32.0	3.44840564756822	spherical_dense
27	2	cdf	32.5	3.6410273434544735	spherical_dense
27	2	cdf	33.0	3.3926666549139797	spherical_dense
27	2	cdf	34.0	2.1786810676816524	spherical_dense
27	2	cdf	36.0	3.6793107246668257	spherical_dense
27	2	cdf	38.5	4.616740621037986	spherical_dense
28	1	cdf	5.5	7.21331794385042	spherical_dense
28	1	cdf	8.0	5.886980720175804	spherical_dense
28	1	cdf	10.0	5.098719859614147	spherical_dense
28	1	cdf	11.0	3.7769125144000983	spherical_dense
28	1	cdf	11.5	1.5390319957079532	spherical_dense
28	1	cdf	12.0	0.5453265847668768	spherical_dense
28	1	cdf	12.5	1.3650996842039511	spherical_dense
28	1	cdf	13.0	2.9786288408676995	spherical_dense
28	1	cdf	14.0	3.5501762037438382	spherical_dense
28	1	cdf	16.0	4.173170962768186	spherical_dense
28	1	cdf	18.5	1.9424478263304406	spherical_dense
28	1	cdf	22.0	4.455565767900154	spherical_dense
28	1	cdf	25.5	3.969558820600724	spherical_dense
28	1	cdf	28.0	3.611606545557927	spherical_dense
28	1	cdf	30.0	2.4559273359503004	spherical_dense
28	1	cdf	31.0	2.873931202944623	spherical_dense
28	1	cdf	31.5	3.7182668354160033	spherical_dense
28	1	cdf	32.0	4.01654772992413	spherical_dense
28	1	cdf	32.5	4.286243904029372	spherical_dense
28	1	cdf	33.0	4.579826437210802	spherical_dense
28	1	cdf	34.0	4.766655485316095	spherical_dense
28	1	cdf	36.0	5.709535266611422	spherical_dense
28	1	cdf	38.5	5.76423372004684	spherical_dense
28	2	inverse_cdf	2.5	8.685611025931886	spherical_dense
28	2	inverse_cdf	3.0	8.588816033375531	spherical_dense
28	2	inverse_cdf	4.0	7.866078698736099	spherical_dense
28	2	inverse_cdf	5.0	5.866009755750046	spherical_dense
28	2	inverse_cdf	7.5	5.029554470206181	spherical_dense
28	2	inverse_cdf	11.5	4.522092979408071	spherical_dense
28	2	inverse_cdf	16.0	4.331859638911922	spherical_dense
28	2	inverse_cdf	18.5	3.363772496446812	spherical_dense
28	2	inverse_cdf	20.0	5.566224573141495	spherical_dense
28	2	inverse_cdf	21.0	5.809029448510335	spherical_dense
28	2	inverse_cdf	21.5	5.686410885086405	spherical_dense
28	2	inverse_cdf	22.0	5.498583072557086	spherical_dense
28	2	inverse_cdf	22.5	5.347887790240361	spherical_dense
28	2	inverse_cdf	23.0	5.664973769508754	spherical_dense
28	2	inverse_cdf	24.0	5.6690795682649	spherical_dense
28	2	inverse_cdf	25.5	5.151755018828059	spherical_dense
28	2	inverse_cdf	28.0	2.2207409058856724	spherical_dense
28	2	inverse_cdf	32.5	5.275754335585827	spherical_dense
28	2	inverse_cdf	36.5	5.565312348800269	spherical_dense
28	2	inverse_cdf	39.0	5.980488836642197	spherical_dense
28	2	inverse_cdf	40.0	6.003922530190746	spherical_dense
28	2	inverse_cdf	41.0	6.6543790998589465	spherical_dense
28	2	inverse_cdf	41.5	6.492739340142384	spherical_dense
29	1	inverse_cdf	2.5	6.728785051856998	spherical_dense
29	1	inverse_cdf	3.0	5.557445389103696	spherical_dense
29	1	inverse_cdf	4.0	4.945160617536692	spherical_dense
29	1	inverse_cdf	5.0	3.9748497409740775	spherical_dense
29	1	inverse_cdf	7.5	3.3663251855501164	spherical_dense
29	1	inverse_cdf	11.5	3.2711230895800125	spherical_dense
29	1	inverse_cdf	16.0	3.7897711048001117	spherical_dense
29	1	inverse_cdf	18.5	0.9646744216881838	spherical_dense
29	1	inverse_cdf	20.0	0.5558095633837455	spherical_dense
29	1	inverse_cdf	21.0	4.186117166944597	spherical_dense
29	1	inverse_cdf	21.5	4.938753073330408	spherical_dense
29	1	inverse_cdf	22.0	4.610571480184862	spherical_dense
29	1	inverse_cdf	22.5	5.312253535178565	spherical_dense
29	1	inverse_cdf	23.0	5.7401547958876025	spherical_dense
29	1	inverse_cdf	24.0	5.760137172956924	spherical_dense
29	1	inverse_cdf	25.5	4.767902221730452	spherical_dense
29	1	inverse_cdf	28.0	1.8473492836688945	spherical_dense
29	1	inverse_cdf	32.5	2.056466354031202	spherical_dense
29	1	inverse_cdf	36.5	4.371710808329533	spherical_dense
29	1	inverse_cdf	39.0	4.944319030522363	spherical_dense
29	1	inverse_cdf	40.0	4.661132845759783	spherical_dense
29	1	inverse_cdf	41.0	4.949408612380961	spherical_dense
29	1	inverse_cdf	41.5	4.598136054271144	spherical_dense
29	2	cdf	5.5	5.525768453111251	spherical_dense
29	2	cdf	8.0	3.675715648355067	spherical_dense
29	2	cdf	10.0	3.1384816811498233	spherical_dense
29	2	cdf	11.0	3.076537677240644	spherical_dense
29	2	cdf	11.5	3.596421808494419	spherical_dense
29	2	cdf	12.0	3.733970158458647	spherical_dense
29	2	cdf	12.5	3.8327663448853997	spherical_dense
29	2	cdf	13.0	3.7222360052953296	spherical_dense
29	2	cdf	14.0	2.198208924788016	spherical_dense
29	2	cdf	16.0	4.842720111431553	spherical_dense
29	2	cdf	18.5	4.11890097525268	spherical_dense
29	2	cdf	22.0	3.335861989564787	spherical_dense
29	2	cdf	25.5	3.378859713690347	spherical_dense
29	2	cdf	28.0	3.458297050966564	spherical_dense
29	2	cdf	30.0	2.1227380757816117	spherical_dense
29	2	cdf	31.0	3.263038790037707	spherical_dense
29	2	cdf	31.5	3.9773260414619704	spherical_dense
29	2	cdf	32.0	4.049701079482041	spherical_dense
29	2	cdf	32.5	4.001710274353527	spherical_dense
29	2	cdf	33.0	2.7312484857806543	spherical_dense
29	2	cdf	34.0	3.8406451900465415	spherical_dense
29	2	cdf	36.0	5.036781841927007	spherical_dense
29	2	cdf	38.5	4.791098663245445	spherical_dense
30	1	cdf	5.5	3.0779230325873024	spherical_dense
30	1	cdf	8.0	1.2904189185765893	spherical_dense
30	1	cdf	10.0	3.4621863975785625	spherical_dense
30	1	cdf	11.0	4.059897690139926	spherical_dense
30	1	cdf	11.5	4.457533228064322	spherical_dense
30	1	cdf	12.0	3.9738712696714598	spherical_dense
30	1	cdf	12.5	4.139546675051695	spherical_dense
30	1	cdf	13.0	4.2737317234985746	spherical_dense
30	1	cdf	14.0	3.8498017955916892	spherical_dense
30	1	cdf	16.0	4.022677087695724	spherical_dense
30	1	cdf	18.5	4.003828453760936	spherical_dense
30	1	cdf	22.0	0.8271808329983689	spherical_dense
30	1	cdf	25.5	2.871368493306459	spherical_dense
30	1	cdf	28.0	2.124486632283419	spherical_dense
30	1	cdf	30.0	1.9297483953288652	spherical_dense
30	1	cdf	31.0	1.955259432109709	spherical_dense
30	1	cdf	31.5	2.98005051851583	spherical_dense
30	1	cdf	32.0	3.329890968505807	spherical_dense
30	1	cdf	32.5	3.3555618006222034	spherical_dense
30	1	cdf	33.0	3.4567684413428954	spherical_dense
30	1	cdf	34.0	3.9432053308191986	spherical_dense
30	1	cdf	36.0	4.568959718022983	spherical_dense
30	1	cdf	38.5	5.2793295319639135	spherical_dense
30	2	inverse_cdf	2.5	4.150494173469754	spherical_dense
30	2	inverse_cdf	3.0	5.212119967768173	spherical_dense
30	2	inverse_cdf	4.0	2.7888068975007902	spherical_dense
30	2	inverse_cdf	5.0	2.0740912557412536	spherical_dense
30	2	inverse_cdf	7.5	1.559490761680086	spherical_dense
30	2	inverse_cdf	11.5	4.0425529054441895	spherical_dense
30	2	inverse_cdf	16.0	5.258775270658899	spherical_dense
30	2	inverse_cdf	18.5	4.9231781075113865	spherical_dense
30	2	inverse_cdf	20.0	4.739471372056003	spherical_dense
30	2	inverse_cdf	21.0	5.279080927814635	spherical_dense
30	2	inverse_cdf	21.5	1.516665361972628	spherical_dense
30	2	inverse_cdf	22.0	4.006419303865773	spherical_dense
30	2	inverse_cdf	22.5	5.510910527156515	spherical_dense
30	2	inverse_cdf	23.0	5.3948564381163795	spherical_dense
30	2	inverse_cdf	24.0	4.6918441257225245	spherical_dense
30	2	inverse_cdf	25.5	2.9634817228906756	spherical_dense
30	2	inverse_cdf	28.0	2.696873005922256	spherical_dense
30	2	inverse_cdf	32.5	3.677959848303168	spherical_dense
30	2	inverse_cdf	36.5	4.375993586489041	spherical_dense
30	2	inverse_cdf	39.0	5.174192070538373	spherical_dense
30	2	inverse_cdf	40.0	5.276337482160346	spherical_dense
30	2	inverse_cdf	41.0	5.524596342765944	spherical_dense
30	2	inverse_cdf	41.5	5.36652860653964	spherical_dense
pil01	1	inverse_cdf	2.5	7.606080076861289	spherical_dense
pil01	1	inverse_cdf	3.0	10.079218859655512	spherical_dense
pil01	1	inverse_cdf	4.0	9.934007829655357	spherical_dense
pil01	1	inverse_cdf	5.0	8.191182907636561	spherical_dense
pil01	1	inverse_cdf	7.5	3.239354255832937	spherical_dense
pil01	1	inverse_cdf	11.5	2.0750332099214823	spherical_dense
pil01	1	inverse_cdf	16.0	2.3455119853020934	spherical_dense
pil01	1	inverse_cdf	18.5	1.3245457488630583	spherical_dense
pil01	1	inverse_cdf	20.0	1.3063826100712412	spherical_dense
pil01	1	inverse_cdf	21.0	1.278172993864712	spherical_dense
pil01	1	inverse_cdf	21.5	1.3485439219069855	spherical_dense
pil01	1	inverse_cdf	22.0	1.3988448415930412	spherical_dense
pil01	1	inverse_cdf	22.5	1.5623319924237444	spherical_dense
pil01	1	inverse_cdf	23.0	1.5304624665415325	spherical_dense
pil01	1	inverse_cdf	24.0	2.1101208592516443	spherical_dense
pil01	1	inverse_cdf	25.5	2.8086255669253095	spherical_dense
pil01	1	inverse_cdf	28.0	3.5711704716331383	spherical_dense
pil01	1	inverse_cdf	32.5	4.378259707908308	spherical_dense
pil01	1	inverse_cdf	36.5	5.348626500645388	spherical_dense
pil01	1	inverse_cdf	39.0	5.927865990784708	spherical_dense
pil01	1	inverse_cdf	40.0	6.182709371214395	spherical_dense
pil01	1	inverse_cdf	41.0	6.678173610932555	spherical_dense
pil01	1	inverse_cdf	41.5	7.127546431366113	spherical_dense
pil01	2	cdf	5.5	1.1802361272675161	spherical_dense
pil01	2	cdf	8.0	7.5905354460417	spherical_dense
pil01	2	cdf	10.0	6.274918902872189	spherical_dense
pil01	2	cdf	11.0	5.214569452388221	spherical_dense
pil01	2	cdf	11.5	4.7123370859387075	spherical_dense
pil01	2	cdf	12.0	4.473929377365372	spherical_dense
pil01	2	cdf	12.5	3.6431693345878755	spherical_dense
pil01	2	cdf	13.0	3.2379154027000197	spherical_dense
pil01	2	cdf	14.0	2.43455099198566	spherical_dense
pil01	2	cdf	16.0	1.3567978488843937	spherical_dense
pil01	2	cdf	18.5	1.3443050547233564	spherical_dense
pil01	2	cdf	22.0	2.0057266745257043	spherical_dense
pil01	2	cdf	25.5	3.02406614021842	spherical_dense
pil01	2	cdf	28.0	1.4563945038525998	spherical_dense
pil01	2	cdf	30.0	3.978997297601653	spherical_dense
pil01	2	cdf	31.0	4.700073777166408	spherical_dense
pil01	2	cdf	31.5	4.96350860984071	spherical_dense
pil01	2	cdf	32.0	5.01664756168358	spherical_dense
pil01	2	cdf	32.5	5.0077063953224155	spherical_dense
pil01	2	cdf	33.0	5.066909815037064	spherical_dense
pil01	2	cdf	34.0	5.062415048922737	spherical_dense
pil01	2	cdf	36.0	5.6594274345877285	spherical_dense
pil01	2	cdf	38.5	6.793830514954047	spherical_dense
pil02	1	cdf	5.5	4.900559271436583	spherical_dense
pil02	1	cdf	8.0	4.979893052640968	spherical_dense
pil02	1	cdf	10.0	5.808558245084249	spherical_dense
pil02	1	cdf	11.0	5.99426206853531	spherical_dense
pil02	1	cdf	11.5	6.064230449035526	spherical_dense
pil02	1	cdf	12.0	6.353579634724332	spherical_dense
pil02	1	cdf	12.5	6.619827937610689	spherical_dense
pil02	1	cdf	13.0	6.7244217647141165	spherical_dense
pil02	1	cdf	14.0	6.4873214590990305	spherical_dense
pil02	1	cdf	16.0	3.5667282104211084	spherical_dense
pil02	1	cdf	18.5	3.5129786898055095	spherical_dense
pil02	1	cdf	22.0	0.15476460604173392	spherical_dense
pil02	1	cdf	25.5	1.3301287025314696	spherical_dense
pil02	1	cdf	28.0	1.180932361304055	spherical_dense
pil02	1	cdf	30.0	3.402562266196752	spherical_dense
pil02	1	cdf	31.0	4.72380742489201	spherical_dense
pil02	1	cdf	31.5	4.874356916329118	spherical_dense
pil02	1	cdf	32.0	5.233702084301135	spherical_dense
pil02	1	cdf	32.5	5.323117039341364	spherical_dense
pil02	1	cdf	33.0	5.618514840021984	spherical_dense
pil02	1	cdf	34.0	5.925129540246849	spherical_dense
pil02	1	cdf	36.0	6.364550553035479	spherical_dense
pil02	1	cdf	38.5	6.215765370890753	spherical_dense
pil02	2	inverse_cdf	2.5	6.363640462735688	spherical_dense
pil02	2	inverse_cdf	3.0	5.935700442747735	spherical_dense
pil02	2	inverse_cdf	4.0	5.908321679347679	spherical_dense
pil02	2	inverse_cdf	5.0	5.019564819699579	spherical_dense
pil02	2	inverse_cdf	7.5	1.9559554124666236	spherical_dense
pil02	2	inverse_cdf	11.5	2.729366080352412	spherical_dense
pil02	2	inverse_cdf	16.0	3.2583445710786796	spherical_dense
pil02	2	inverse_cdf	18.5	4.210746226938443	spherical_dense
pil02	2	inverse_cdf	20.0	4.512272532839581	spherical_dense
pil02	2	inverse_cdf	21.0	4.682862994358163	spherical_dense
pil02	2	inverse_cdf	21.5	4.2345671196738	spherical_dense
pil02	2	inverse_cdf	22.0	2.218530710661854	spherical_dense
pil02	2	inverse_cdf	22.5	4.168959289795286	spherical_dense
pil02	2	inverse_cdf	23.0	4.476936620465905	spherical_dense
pil02	2	inverse_cdf	24.0	4.443760641425371	spherical_dense
pil02	2	inverse_cdf	25.5	4.213062980463277	spherical_dense
pil02	2	inverse_cdf	28.0	2.9973602664302605	spherical_dense
pil02	2	inverse_cdf	32.5	2.973964474639108	spherical_dense
pil02	2	inverse_cdf	36.5	0.7584341405075823	spherical_dense
pil02	2	inverse_cdf	39.0	2.714340178468524	spherical_dense
pil02	2	inverse_cdf	40.0	3.6895226359067554	spherical_dense
pil02	2	inverse_cdf	41.0	5.275512467314394	spherical_dense
pil02	2	inverse_cdf	41.5	7.2163526849580855	spherical_dense
