subject	session	run	n_vols	mean_fd	median_fd	max_fd	pct_fd_gt_0p5	n_spikes_gt_1mm	mean_dvars
03	1	1	367	0.15844435108219845	0.1357707537481207	1.857557101046136	1.366120218579235	2	30.539722532786882
03	1	2	367	0.1421773462936294	0.1338695139384718	0.7700718685061209	0.546448087431694	0	30.565382759562837
03	1	3	367	0.13670429757471622	0.12690108813285922	0.7528247333319538	0.819672131147541	0	30.753954707650276
03	1	4	367	0.14876023641170316	0.138300251166859	0.5525730886360831	0.546448087431694	0	31.317165387978143
03	1	5	367	0.12628850379731302	0.11954290412515806	0.413964180848649	0.0	0	29.78569275409836
03	1	6	367	0.1285255336747629	0.1219491562466634	0.4331247143686607	0.0	0	29.63475078688525
03	1	7	367	0.13300382763240456	0.12465125065923145	0.3767872220234891	0.0	0	29.000471202185796
03	1	8	367	0.12161881644069547	0.1189934742720095	0.294086000076765	0.0	0	28.971035560109286
03	2	1	367	0.0935335252352697	0.0911395656709883	0.2133760245443182	0.0	0	29.938831647540983
03	2	2	367	0.10784962531857996	0.09924557554308325	2.194937861683515	0.273224043715847	1	29.836765314207646
03	2	3	367	0.09635643369758441	0.09533611150169574	0.371452848035703	0.0	0	29.108795224043718
03	2	4	367	0.09503581843876328	0.0926690327482871	0.2591107206173365	0.0	0	29.490701229508197
03	2	5	367	0.09462104857681683	0.0902888552178659	0.5634342527280135	0.273224043715847	0	29.2654282295082
03	2	6	367	0.10233036117996584	0.09163977505575364	0.6770621590441379	0.273224043715847	0	29.616374841530057
03	2	7	367	0.09972654025398635	0.08806796123648865	0.9956142245343842	0.273224043715847	0	29.700450068306008
03	2	8	367	0.09572424216924177	0.08847943217466125	0.5468757299186874	0.546448087431694	0	29.427786546448086
04	1	1	367	0.07974045337688017	0.07808913985169891	0.1604922228943897	0.0	0	28.378971658469947
04	1	2	367	0.08422404677116024	0.08331533984341535	0.2144463059775857	0.0	0	28.08578754371585
04	1	3	367	0.08591763088306408	0.08194116058051684	0.325347760864789	0.0	0	28.139832718579235
04	1	4	367	0.08891207561540679	0.08708274874524255	0.2102744423018888	0.0	0	28.444371289617486
04	1	5	367	0.0841891635117858	0.08144231666377866	0.2556533283958113	0.0	0	28.574935
04	1	6	367	0.07874973606856157	0.07815149822447505	0.182492255103745	0.0	0	28.538134275956285
04	1	7	367	0.08652378145333454	0.08314611523543985	0.2038616683967616	0.0	0	28.37868558196722
04	1	8	367	0.08364141077499285	0.08078306396801199	0.1809422444482559	0.0	0	28.245116767759562
04	2	1	367	0.07251406612856033	0.07054192189080835	0.1982842582934652	0.0	0	27.612008532786888
04	2	2	367	0.07060177718538951	0.06985632527954995	0.1321005592793414	0.0	0	27.040792644808743
04	2	3	367	0.07262551181366271	0.06860413739727114	0.2126975045912987	0.0	0	26.62568662021858
04	2	4	367	0.07290750590606127	0.07046903224763906	0.2298249900319423	0.0	0	26.685254035519122
04	2	5	367	0.07440873440286358	0.07049517274480145	0.2874125578315439	0.0	0	27.101483786885247
04	2	6	367	0.07724764104925518	0.0743296538564431	0.2367070066063426	0.0	0	26.60458681693989
04	2	7	367	0.07681914204596375	0.0765659853108162	0.2636228925087766	0.0	0	26.652113642076507
04	2	8	367	0.07106149318159581	0.06878483667176916	0.2015657899325446	0.0	0	26.75200325409836
05	1	1	367	0.186395210714652	0.15963388373767057	0.9957079526124128	3.0054644808743167	0	29.16360826502732
05	1	2	367	0.171374538185101	0.15755713966669793	0.769722858825247	1.366120218579235	0	27.96812273770492
05	1	3	367	0.17012318931503484	0.15172736346021776	0.7019857445022717	1.639344262295082	0	28.48705157103825
05	1	4	367	0.1423233129431976	0.13144806699920614	0.9080466436125976	0.546448087431694	0	29.63126462568306
05	1	5	367	0.1541663621515877	0.13842445622292748	0.7547370784655902	0.546448087431694	0	28.262371043715845
05	1	6	367	0.13983683962350554	0.1217391650102901	0.8448767392547089	0.546448087431694	0	30.13565578415301
05	1	7	367	0.14379706705948964	0.11332328702264555	1.623880003736016	2.185792349726776	2	31.084957442622947
05	1	8	367	0.17342745872725604	0.1391316118671025	1.897548389585161	2.73224043715847	2	29.951584390710384
05	2	1	367	0.09638430218316171	0.08922836778396595	0.6072801964143636	0.546448087431694	0	27.426317396174866
05	2	2	367	0.09273170983245237	0.09040832401782635	0.2227203183555066	0.0	0	27.641268956284154
05	2	3	367	0.11048319624470447	0.0979431075099744	0.7120865804895051	0.546448087431694	0	28.57438571038252
05	2	4	367	0.103392718923334	0.09253485736780964	0.5729258654556122	0.546448087431694	0	28.32111793442623
05	2	5	367	0.1167447413636777	0.1022783767944411	0.6146046938384127	0.546448087431694	0	29.759063612021862
05	2	6	367	0.14668806426183545	0.11392714695008324	1.5616131060677283	2.459016393442623	3	29.90503298907103
05	2	7	367	0.10029433892194954	0.09461650164845625	0.4676279199678539	0.0	0	28.51275523770492
05	2	8	367	0.10945805658284362	0.0949263184102129	0.5532270046527415	0.819672131147541	0	29.412041062841528
06	1	1	367	0.11178894068809093	0.08432189206565385	1.2235261546682816	1.092896174863388	2	28.807242693989068
06	1	2	367	0.09143630736764359	0.0759058300611194	0.4692334232242208	0.0	0	28.026051595628417
06	1	3	367	0.09881006337503498	0.0791085610239151	0.3900133850210867	0.0	0	28.03081746994535
06	1	4	367	0.09315507436449255	0.08067592045078589	0.3072354815443216	0.0	0	28.095660639344263
06	1	5	367	0.10268347741023613	0.08139849598087875	0.8148025562443209	0.273224043715847	0	28.869498415300548
06	1	6	367	0.10097283443725572	0.07984736460977934	0.7061663522343344	0.546448087431694	0	28.45649393169399
06	1	7	367	0.10310563152063967	0.0711403484042929	1.6291508859083783	1.092896174863388	3	28.75439533879781
06	1	8	367	0.09384072652896501	0.0766068555450849	0.4356263329117137	0.0	0	28.63001617759563
06	2	1	367	0.08643896459972894	0.0647910601716388	0.7622796779233776	0.546448087431694	0	26.22575402459016
06	2	2	367	0.09909213429210484	0.0714692206864373	0.6341530175885361	0.273224043715847	0	27.02287469672131
06	2	3	367	0.10186056531834932	0.07455768058816781	0.9310840115078052	0.819672131147541	0	26.999727128415305
06	2	4	367	0.10047770291639233	0.0669947992872134	0.7729919660831337	1.092896174863388	0	27.134493849726777
06	2	5	367	0.0863601882017756	0.06537389493867585	0.4188307601098524	0.0	0	25.912628587431694
06	2	6	367	0.10505518680402451	0.0655090179608736	1.105334755033376	1.912568306010929	3	28.743435267759565
06	2	7	367	0.10585781477768465	0.07362753460557481	0.9934042847065978	1.092896174863388	0	28.10105900819672
06	2	8	367	0.12162089334749145	0.07389226727720075	1.3805142087402482	2.73224043715847	4	28.150696415300548
07	1	1	367	0.1262811748553511	0.123849214502216	0.3340670272671761	0.0	0	32.85105862021857
07	1	2	367	0.09958421607418742	0.09918641844064591	0.2230156499961122	0.0	0	33.395764603825135
07	1	3	367	0.09195887056836499	0.09018388388132476	0.3038476182269126	0.0	0	32.724340224043715
07	1	4	367	0.10976756940601756	0.1027483063231983	0.3342801886490585	0.0	0	32.45111948360656
07	1	5	367	0.09620649601269361	0.09409805428336375	0.5712612590349507	0.273224043715847	0	32.579609639344255
07	1	6	367	0.1046880752905508	0.09711321627003824	0.7095763595875276	0.273224043715847	0	33.35933799180328
07	1	7	367	0.09948001410532481	0.09110343174366425	0.3946603323827361	0.0	0	33.36737990437158
07	1	8	367	0.10065899929412071	0.08937474545290086	0.5050557381930467	0.273224043715847	0	33.09695195355191
07	2	1	367	0.10603616997422631	0.10530943926481284	0.2553572656630168	0.0	0	33.78573446994535
07	2	2	367	0.11005192712740715	0.1060442966050818	0.2719662419172305	0.0	0	33.37956691803279
07	2	3	367	0.10619024176583262	0.1049722336148671	0.2269609246655801	0.0	0	33.51318612295081
07	2	4	367	0.10530863063897766	0.1051936666951903	0.2544642967117684	0.0	0	33.49614782240437
07	2	5	367	0.1056704892554937	0.10474218455410655	0.2590076141651831	0.0	0	33.92384244535519
07	2	6	367	0.10723090762614408	0.10320658025848259	0.372513850882621	0.0	0	33.98390768032787
07	2	7	367	0.10977787114829528	0.1070556985272009	0.3262858872388354	0.0	0	33.46919089344262
07	2	8	367	0.11096358435802818	0.10955979192898765	0.3980477712121897	0.0	0	33.7783473306011
08	1	1	367	0.1032280144513422	0.09497877604901464	0.2842118340994916	0.0	0	27.296659948087434
08	1	2	367	0.10599644591910906	0.0975498040072317	0.3394477212297162	0.0	0	27.429178357923497
08	1	3	367	0.10015222146537281	0.09034077352600485	0.2745438971116409	0.0	0	27.127828032786887
08	1	4	367	0.09417076837759458	0.0832870512653584	0.271684295618831	0.0	0	26.802817658469944
08	1	5	367	0.09598584739672464	0.09102781266666979	0.3125042157765217	0.0	0	27.039185923497268
08	1	6	367	0.10089585904259138	0.09499286635377005	0.2795903350070953	0.0	0	27.14324741530055
08	1	7	367	0.09708572523094282	0.09043950481073396	0.2664200792937429	0.0	0	26.909047073770495
08	1	8	367	0.09832303518710284	0.0935186729575878	0.2858140046984109	0.0	0	26.71391762295082
08	2	1	367	0.09626711172766489	0.08346004122136635	0.3614071099502316	0.0	0	27.869691418032783
08	2	2	367	0.09809381435804444	0.08904322607125184	0.3520113361619857	0.0	0	27.319727144808745
08	2	3	367	0.1013156511344997	0.08954265257146746	0.3901904009534025	0.0	0	27.77339483333333
08	2	4	367	0.10190912777623486	0.09135819000287256	0.3997551782931592	0.0	0	27.717780278688522
08	2	5	367	0.09257835779742317	0.07975303847052255	0.5000355480742988	0.273224043715847	0	27.698896363387977
08	2	6	367	0.10581130654302104	0.0941709682963223	0.6111447117685663	0.273224043715847	0	27.890919825136613
08	2	7	367	0.1045563780522117	0.08308100138011926	0.646602324760514	0.273224043715847	0	27.965592030054648
08	2	8	367	0.1001749871525156	0.09355876716532485	0.44578968907701	0.0	0	27.78681055191257
09	1	1	367	0.12816935058781204	0.10645871322553835	0.7752446385714284	0.273224043715847	0	30.997501057377047
09	1	2	367	0.10074933721411372	0.0920158829348416	0.4526017151325714	0.0	0	29.532681218579235
09	1	3	367	0.11331937547299303	0.09368995660236534	0.4685766029022592	0.0	0	31.071275177595627
09	1	4	367	0.10241700649352281	0.09556153773778026	0.3069977433521646	0.0	0	29.868241404371584
09	1	5	367	0.10052696801482841	0.0894638259083694	0.3909084149185565	0.0	0	29.875872693989066
09	1	6	367	0.11228490400617794	0.10489814516739185	0.4737707386662916	0.0	0	30.911237726775955
09	1	7	367	0.10260851205445974	0.09209103620390745	0.5358920226683185	0.273224043715847	0	30.34682886885246
09	1	8	367	0.10037790009439995	0.09238406254959869	0.4046567044008523	0.0	0	30.229779571038254
09	2	1	367	0.1363125301560348	0.11561137532331195	0.6823500167652055	0.819672131147541	0	32.08693656010929
09	2	2	367	0.1174525427189154	0.1044573532356652	0.7120058531903889	0.273224043715847	0	31.595688863387977
09	2	3	367	0.1190288408260327	0.1000022939493033	0.7918916689158809	0.546448087431694	0	31.193440524590162
09	2	4	367	0.12571847192286079	0.1041791956508619	0.6603963207880923	1.092896174863388	0	31.343543232240435
09	2	5	367	0.11236141627164095	0.10317831957131654	0.5126022171673599	0.273224043715847	0	31.2347218442623
09	2	6	367	0.10756621559461388	0.0953331800739023	0.7186794693362177	0.273224043715847	0	31.359743480874315
09	2	7	367	0.13273018160956673	0.1188885801915944	0.4841989570763822	0.0	0	32.10480285245902
09	2	8	367	0.12832051162697752	0.10902694905640575	0.8824671443551337	1.366120218579235	0	32.74393852185793
10	1	1	367	0.12333846750993982	0.1123066358212756	0.5065410869281967	0.546448087431694	0	29.646923953551912
10	1	2	367	0.1088355982817576	0.10221223494873855	0.4685933411232185	0.0	0	29.15782801639344
10	1	3	367	0.11893208048432832	0.1067130159633949	0.6590705041801457	0.819672131147541	0	29.246065617486337
10	1	4	367	0.11713708449713475	0.10057420520182911	0.970123118676552	1.092896174863388	0	30.226144773224043
10	1	5	367	0.11863884851440296	0.1074752355634789	0.8086518084663168	0.273224043715847	0	30.227796855191254
10	1	6	367	0.11361153868290369	0.1014095319767795	0.7396915253808425	0.819672131147541	0	30.21127194808743
10	1	7	367	0.11103513923345684	0.08511808698850695	0.6744328867956441	0.819672131147541	0	30.049122644808747
10	1	8	367	0.1509742624573755	0.10739481442021605	2.1976515626974265	3.278688524590164	2	31.666197868852457
10	2	1	367	0.10908971246894086	0.1046766746261028	0.5191964185661503	0.273224043715847	0	28.938396713114756
10	2	2	367	0.11632155622773543	0.11153454555439775	0.4648889078372277	0.0	0	28.823867232240435
10	2	3	367	0.10116491224357321	0.0967981321775494	0.5048310051251276	0.273224043715847	0	28.61363279508197
10	2	4	367	0.1139104439446489	0.10689706086983815	0.6316442801271351	0.273224043715847	0	29.94720546721311
10	2	5	367	0.09726040495772621	0.08516548218154675	1.25346560884779	0.819672131147541	2	28.603342871584697
10	2	6	367	0.14208035763216967	0.12293927324578725	0.6518732395777478	0.819672131147541	0	28.82024416666667
10	2	7	367	0.12239185057537558	0.09889052442577445	1.5404191827122826	1.639344262295082	3	30.0321797568306
10	2	8	367	0.07551604564115998	0.06995254040191	0.2356973713792606	0.0	0	25.714121863387973
11	1	1	367	0.1082701330599668	0.10044486990638704	0.2789222569655968	0.0	0	30.37756716666667
11	1	2	367	0.1110756043180405	0.1046996503502315	0.3915752867221391	0.0	0	30.68115069398907
11	1	3	367	0.1119801201901166	0.1063375984574523	0.3348071471805285	0.0	0	30.24822715846995
11	1	4	367	0.10855110838590588	0.0977798557745914	0.4064719979991302	0.0	0	29.67911443169399
11	1	5	367	0.1374761906114927	0.12138105063747985	0.6677091288999129	1.092896174863388	0	31.55981082513661
11	1	6	367	0.1500046253148511	0.1201327905081222	0.8624969168056352	1.366120218579235	0	32.080114106557374
11	1	7	367	0.12652215892591281	0.10774381696513805	0.520447399118104	0.273224043715847	0	30.855019346994535
11	1	8	367	0.12827705013691282	0.1195568691765975	0.4354891532969332	0.0	0	31.305082346994535
11	2	1	367	0.12214551715045023	0.11521059257899835	0.3549922584023841	0.0	0	32.490486084699455
11	2	2	367	0.12129702663241461	0.11266126109546955	0.3442465529894145	0.0	0	32.29452612295082
11	2	3	367	0.128444703975087	0.11106449465897619	0.6161237293434629	0.273224043715847	0	31.9392468989071
11	2	4	367	0.1333778992586445	0.1129235862660774	0.6039198831109398	1.092896174863388	0	33.234459625683066
11	2	5	367	0.1313891759487254	0.10157544845110081	2.09312569473954	1.092896174863388	2	33.279257961748634
11	2	6	367	0.12777377865933337	0.10574372044716435	0.6338580212273248	1.092896174863388	0	31.518690232240438
11	2	7	367	0.1259868774568023	0.1035974106713032	0.5350827762503043	0.273224043715847	0	32.422584956284155
11	2	8	367	0.14109186244480507	0.11695281545081646	1.266225233944819	1.092896174863388	1	33.80114647814208
12	1	1	367	0.0930007543765203	0.08467806423210411	0.7879154702907352	0.273224043715847	0	26.714370232240434
12	1	2	367	0.09196439731886194	0.0812395439949503	0.5443700668360132	0.273224043715847	0	26.408609775956283
12	1	3	367	0.10602435248790139	0.0968909314944332	0.3931262329377968	0.0	0	26.986666
12	1	4	367	0.10726951099871454	0.0942409230379412	0.7329998166716839	0.819672131147541	0	27.725726704918035
12	1	5	367	0.10826253093076134	0.09437101440005605	1.0229269414855675	0.546448087431694	1	27.55742572131147
12	1	6	367	0.10783227594019466	0.1002204021420824	0.2570500774662665	0.0	0	27.51708085519126
12	1	7	367	0.10593739830875835	0.09704420408919776	0.2762110354943061	0.0	0	27.360555923497266
12	1	8	367	0.11213029883268123	0.1054721842268536	0.5768667123184991	0.273224043715847	0	28.167412265027323
12	2	1	367	0.09170497907991462	0.08586464632498006	0.2551442355989768	0.0	0	27.602051918032785
12	2	2	367	0.098761122565519	0.0910542139646245	0.4577622171912035	0.0	0	28.009141420765022
12	2	3	367	0.09494734148324199	0.08709118967131944	0.2988557758584575	0.0	0	27.479828385245902
12	2	4	367	0.09654477570014972	0.09240361276684494	0.2849971720627789	0.0	0	27.58364128415301
12	2	5	367	0.09353685886895842	0.0838474895484191	0.3609396513988317	0.0	0	27.557226551912567
12	2	6	367	0.10191171891234393	0.0952881168991915	0.2337443238096818	0.0	0	27.948639942622947
12	2	7	367	0.09939273824619473	0.09205353182856191	0.6292696518495366	0.273224043715847	0	28.83541998360656
12	2	8	367	0.10114807662293522	0.0932980602242018	0.3527245785801357	0.0	0	27.74169103005465
13	1	1	367	0.09716323058984618	0.09128561799151624	0.4331427687057979	0.0	0	30.122557265027325
13	1	2	367	0.08820182553867525	0.085077515960577	0.2605859966932484	0.0	0	29.18051262568306
13	1	3	367	0.09042857268945947	0.0850049715393188	0.3513489706623277	0.0	0	29.89980755464481
13	1	4	367	0.08587896800469724	0.0815329397165817	0.2578470607959674	0.0	0	29.43775763661202
13	1	5	367	0.08213163615049428	0.0800375246940544	0.2364476654743696	0.0	0	29.818486404371583
13	1	6	367	0.08304441218278473	0.07610729595630085	0.3272422291180981	0.0	0	30.126928814207652
13	1	7	367	0.07521595621463854	0.0742238303968524	0.1935825284518852	0.0	0	29.61581522131148
13	1	8	367	0.07704790126049567	0.07351353286157765	0.2927455734602587	0.0	0	29.32787719125683
13	2	1	367	0.0843861630468844	0.0793752994469861	0.2677249893401707	0.0	0	29.792421256830597
13	2	2	367	0.0909867227239032	0.08416554168886685	0.7521062204213884	0.273224043715847	0	30.01658030327869
13	2	3	367	0.09072340209146457	0.08574022029406189	0.3409639337198928	0.0	0	29.700250150273224
13	2	4	367	0.07932761737878712	0.0770167451995073	0.3749362481283582	0.0	0	29.800002587431692
13	2	5	367	0.08658959164118	0.0862722349437573	0.3713391322476798	0.0	0	30.009211401639337
13	2	6	367	0.08369596250324907	0.08259324668438385	0.4087588809391895	0.0	0	30.677381516393446
13	2	7	367	0.08565399838095424	0.08144717281311689	0.3177312724776401	0.0	0	30.425344161202187
13	2	8	367	0.0813719476246008	0.079240460558497	0.1966730386449437	0.0	0	29.338568644808745
14	1	1	367	0.1107307735704912	0.09350573175964945	0.5375931565910613	0.546448087431694	0	30.97550170218579
14	1	2	367	0.11932190156923596	0.0961192899206478	0.6918746720182236	1.092896174863388	0	30.592938103825137
14	1	3	367	0.10598335415670489	0.0783347312406595	0.6373728098897667	2.185792349726776	0	31.622831286885244
14	1	4	367	0.1119495082714957	0.08270843832240984	1.0110567320499817	1.639344262295082	1	31.82431371311475
14	1	5	367	0.10503780847585163	0.07841520375373695	0.7948826994384597	1.639344262295082	0	31.160040112021857
14	1	6	367	0.1027841821855601	0.08207378888032216	1.0566821159406237	1.092896174863388	1	30.60089681967213
14	1	7	367	0.13092939852024615	0.0956121171283659	0.995191329010238	2.185792349726776	0	33.918556538251366
14	1	8	367	0.126336634654559	0.09246189364017404	1.291237855956387	2.73224043715847	2	33.76575308196722
14	2	1	367	0.09889180560882355	0.08933567987158166	0.2846734292315092	0.0	0	30.11461219672131
14	2	2	367	0.07908449965866081	0.07175430924370754	0.3123614481492236	0.0	0	29.806009030054643
14	2	3	367	0.08470446644174671	0.0788685090477798	0.3088310071861787	0.0	0	29.402809882513665
14	2	4	367	0.08809216300985975	0.08220230354759375	0.3305100848499914	0.0	0	29.93465724590164
14	2	5	367	0.09233551398423127	0.0847909348461161	0.7132950508282058	0.546448087431694	0	30.28665275136612
14	2	6	367	0.0916178109906514	0.0815324458202164	0.5630832463425971	0.273224043715847	0	30.291901172131148
14	2	7	367	0.09754240032643585	0.0878156502029441	0.4659083391439697	0.0	0	30.695777120218583
14	2	8	367	0.09443243033970354	0.08862433146674226	0.2466473507428085	0.0	0	29.789597060109287
15	1	1	367	0.11391810645211733	0.0868055524218978	1.110675330103364	0.819672131147541	2	30.99839478142076
15	1	2	367	0.11773624561121648	0.0827754052344563	1.6396496373040133	1.366120218579235	2	31.9421544726776
15	1	3	367	0.1073141130353284	0.08563880946151105	0.7910336495062731	0.546448087431694	0	30.16617164754099
15	1	4	367	0.11214052744803339	0.08685366986891316	0.3458372135501365	0.0	0	31.05060410109289
15	1	5	367	0.10387960988526083	0.0888284914484245	0.7404798622637097	0.546448087431694	0	30.761672838797818
15	1	6	367	0.11331104936842827	0.09529196127778256	0.4571008187763788	0.0	0	30.739825207650274
15	1	7	367	0.14170159822246667	0.11158386035040341	1.0861765510997856	0.819672131147541	1	30.73924325136612
15	1	8	367	0.10544200603969166	0.09865167327549534	0.3898719774337833	0.0	0	30.56451674590164
15	2	1	367	0.12796852177611828	0.1076627035259633	0.422804301508965	0.0	0	30.857556674863385
15	2	2	367	0.12548997733992306	0.10811617739051249	0.4779445790389247	0.0	0	30.611291453551914
15	2	3	367	0.13801290691360277	0.12369878271276805	0.4124444835914406	0.0	0	31.818603620218582
15	2	4	367	0.1201448689754257	0.11236141132925664	0.3663673881181946	0.0	0	31.34150826775956
15	2	5	367	0.11259170827253409	0.09479409960303051	0.490661454390814	0.0	0	31.524044284153007
15	2	6	367	0.1272334712806798	0.1113931498832736	0.7743865059879145	0.546448087431694	0	30.23866150546448
15	2	7	367	0.12952605959876098	0.11536936456538875	0.331077626793732	0.0	0	30.672576311475407
15	2	8	367	0.12066491118816386	0.11104676496296631	0.5248142145195027	0.273224043715847	0	31.63396936338798
16	1	1	367	0.09426456345133451	0.0832818864227737	1.1126102119337935	0.546448087431694	1	26.749242448087433
16	1	2	367	0.07541691969892463	0.07339229237058545	0.3458343575674267	0.0	0	25.635615120218578
16	1	3	367	0.07877983751485416	0.0738492195063256	0.2496255457652283	0.0	0	25.647619437158465
16	1	4	367	0.07814243439877322	0.07139492182603349	0.5244091269797088	0.273224043715847	0	25.788260614754098
16	1	5	367	0.0860680626122007	0.0805316031871213	0.2356590075962574	0.0	0	25.050141385245897
16	1	6	367	0.07258862988222609	0.06667821129450716	0.5110456591953644	0.273224043715847	0	25.632725412568306
16	1	7	367	0.08634169221127135	0.06282996196009885	1.3808751459336244	1.639344262295082	2	26.39993297267759
16	1	8	367	0.07394638886824152	0.061101808985530054	0.6785049818856892	0.819672131147541	0	25.611515349726776
16	2	1	367	0.07530043510292252	0.0688045850758521	0.2622426487427344	0.0	0	25.64285322677596
16	2	2	367	0.0668013432922844	0.06432095660093534	0.1963123021798031	0.0	0	25.407856415300547
16	2	3	367	0.07246005072567498	0.06610121839426585	0.7058235179447333	0.546448087431694	0	25.6836124125683
16	2	4	367	0.06298780780827168	0.0598010551384401	0.3350253655777392	0.0	0	25.368119863387978
16	2	5	367	0.07384985088973661	0.06776311731099399	0.4161374399486738	0.0	0	25.473344721311477
16	2	6	367	0.07302652376979783	0.06909533289203185	0.3832117626393612	0.0	0	25.84957546448087
16	2	7	367	0.07480830310497445	0.06943248292639835	0.3924565792011862	0.0	0	25.53438910928962
16	2	8	367	0.06595587385105046	0.06206602422100715	0.2186405124825828	0.0	0	25.670280704918035
17	1	1	367	0.13649069885049162	0.1287606391645954	0.9929535173023576	0.819672131147541	0	30.47139230601093
17	1	2	367	0.10995093105332429	0.10927754781777704	0.2525103917677431	0.0	0	28.752588068306007
17	1	3	367	0.1347787709439565	0.12668302330105474	0.4901371898869404	0.0	0	28.940807046448082
17	1	4	367	0.16404173178773418	0.1460218531221822	1.000587629133126	1.092896174863388	1	29.41477662568306
17	1	5	367	0.1316244256226463	0.12034277154409365	0.8801725004022104	0.546448087431694	0	29.175336532786883
17	1	6	367	0.133720635241874	0.1285890217067978	0.4967685857738189	0.0	0	29.13475368306011
17	1	7	367	0.12746176516749635	0.12070721828724945	0.9449130749093332	1.092896174863388	0	28.801048081967213
17	1	8	367	0.11839187945747225	0.1137614002850218	0.683269595584193	0.819672131147541	0	28.70509005737705
17	2	1	367	0.11206995567683627	0.10984799972237835	0.2902326538760817	0.0	0	30.22158326502732
17	2	2	367	0.12073610346902719	0.11459913878399465	0.6364512920900612	0.273224043715847	0	30.370955696721314
17	2	3	367	0.11696667335201888	0.11574956838633085	0.8875557638370662	0.273224043715847	0	30.03623034972677
17	2	4	367	0.12576923969804882	0.11694359204105614	1.1641746209620052	0.546448087431694	1	29.932620513661202
17	2	5	367	0.1214152728217911	0.1132396037747482	0.4611034378976686	0.0	0	29.093211051912572
17	2	6	367	0.13129612312770025	0.11777503353172795	1.4882675867040271	1.639344262295082	1	29.95665813114754
17	2	7	367	0.12811222575745254	0.12695362800518012	0.4433802173201527	0.0	0	29.134005912568306
17	2	8	367	0.1352124850005332	0.12596139332128445	1.623417600374476	0.273224043715847	1	30.41052879508197
18	1	1	367	0.1269545305136716	0.1239522692513548	0.2916811493927011	0.0	0	30.62407213387978
18	1	2	367	0.12146213444584748	0.11182082877952505	0.6109763793934638	0.546448087431694	0	30.439176726775955
18	1	3	367	0.12830684018473293	0.120044999478544	0.3654021634396097	0.0	0	30.622154341530056
18	1	4	367	0.11859157667846017	0.11248429406033625	0.5455135730532684	0.273224043715847	0	30.944287877049184
18	1	5	367	0.12245251373779098	0.11377188162395549	0.5819614648511409	0.273224043715847	0	30.749138016393438
18	1	6	367	0.1622304665108974	0.1483118056411351	0.5745634866998505	1.092896174863388	0	30.196150969945357
18	1	7	367	0.12712554354057512	0.12326913928741426	0.3728692374022297	0.0	0	30.847769049180332
18	1	8	367	0.1220832480221815	0.118058140199023	0.4097092275860178	0.0	0	30.805561445355195
18	1	9	367	0.13090517678568792	0.12362362769015275	0.4937545427673028	0.0	0	28.54888488797814
18	2	1	367	0.11457598824174	0.11415767976431379	0.2872160069333694	0.0	0	29.904618672131154
18	2	2	367	0.1135969133908357	0.1094406386219863	0.3539301811491204	0.0	0	30.06494082240437
18	2	3	367	0.11645669957992502	0.1119613251065949	0.3004940329984397	0.0	0	30.01632483606557
18	2	4	367	0.120309475600746	0.11794873280223894	0.3992245166512113	0.0	0	29.95735495081967
18	2	5	367	0.12085226424827304	0.116572215655833	0.3053625103146341	0.0	0	30.877325863387977
18	2	6	367	0.12499427629722686	0.12329514540405051	0.3291500074552562	0.0	0	29.948626437158467
18	2	7	367	0.14003304478465214	0.12911678262721027	0.4987907315800096	0.0	0	31.29667974863388
18	2	8	367	0.14998279547035134	0.1428652370000167	0.4578895673264052	0.0	0	30.64285731420765
19	1	1	367	0.08531973449666125	0.07983333301254995	0.2149470386107633	0.0	0	31.1255946147541
19	1	2	367	0.08452566746760644	0.0765839944038222	0.4040797489145796	0.0	0	31.853135008196723
19	1	3	367	0.08647604264268921	0.08033940057219105	0.2041972985260317	0.0	0	32.209980680327874
19	1	4	367	0.09463255230039612	0.08318222195421855	0.2803588313651087	0.0	0	32.39800286885246
19	1	5	367	0.09470839305620882	0.08703017750596095	0.5427109170365243	0.273224043715847	0	32.694850918032785
19	1	6	367	0.11665758402552678	0.10044624253850484	0.45853570037099	0.0	0	33.9795426420765
19	1	7	367	0.10847560434318074	0.09467743919155625	0.3843026383870068	0.0	0	33.28717146721311
19	1	8	367	0.09695519018756124	0.08527560260737155	0.400379908925657	0.0	0	32.96776715846995
19	2	1	367	0.10356800433482416	0.10004658714196155	0.2548724453672097	0.0	0	31.624031068306007
19	2	2	367	0.10134046992903585	0.09555953266673214	0.2311373099765397	0.0	0	31.90386076775956
19	2	3	367	0.10860283890832607	0.10154848645192485	0.3530069123252546	0.0	0	33.15899248360655
19	2	4	367	0.12513479391503224	0.1129089003969838	0.4448960785370543	0.0	0	34.02531369672131
19	2	5	367	0.11656284116782432	0.1039867029081286	0.5599933441759707	0.273224043715847	0	33.829893415300546
19	2	6	367	0.10268092262742054	0.09582667500949216	0.4869948554980969	0.0	0	33.21136753551912
19	2	7	367	0.10763769855028651	0.09821031246363915	0.3278012399055057	0.0	0	33.267015150273224
19	2	8	367	0.09963495211151088	0.09545055094369415	0.3013553968878112	0.0	0	32.978584191256836
20	1	1	367	0.16898312697700107	0.1146455777385297	4.983433061334323	4.098360655737705	4	32.27620190437158
20	1	2	367	0.14254878051656666	0.09174229645182395	1.527539745341928	4.644808743169399	4	33.13584406830601
20	1	3	367	0.1691313576210778	0.09748121166497385	3.392480094920412	5.191256830601093	6	31.76194693442623
20	1	4	367	0.16045202254131768	0.09236075458919366	2.4524774380384184	5.46448087431694	5	33.156655715846995
20	1	5	367	0.24667276338410896	0.13001466434056624	2.833261789319232	10.655737704918032	15	33.99885766666667
20	1	6	367	0.33404382681148065	0.14333111318168046	6.398619532068223	13.934426229508196	22	38.3773060737705
20	1	7	367	0.1620684941089857	0.10477070442102959	2.7699778769358905	3.825136612021858	5	32.38213066120219
20	1	8	367	0.18367039696660833	0.1158199697035524	2.277997784766951	5.737704918032787	6	33.41685066666666
20	2	1	367	0.172868063052432	0.1512732187862202	1.4720211421881124	2.459016393442623	1	31.047145188524592
20	2	2	367	0.16774885615075066	0.13992613518889885	1.2549720191972749	2.459016393442623	4	30.44790572131148
20	2	3	367	0.13283593585432554	0.11107439370655656	1.9859463762390543	1.092896174863388	3	30.604849401639342
20	2	4	367	0.15265240805044136	0.1258734672780644	1.8530528931567287	2.73224043715847	2	30.376178483606562
20	2	5	367	0.1315024914735125	0.10064438259194325	2.016824301722583	1.912568306010929	4	30.18797431693989
20	2	6	367	0.13281089845177646	0.10378928470519515	1.8460765893021391	1.366120218579235	3	29.98432446174863
20	2	7	367	0.1627156710609652	0.11617035011630464	2.7317318526081564	2.459016393442623	4	31.697503489071035
20	2	8	367	0.14763162521752665	0.09917117143426904	2.8977848478776305	3.278688524590164	3	30.87266167759563
21	1	1	367	0.1127183118620813	0.10377571673582134	0.5249499249268733	0.273224043715847	0	29.382354106557376
21	1	2	367	0.11837715340938992	0.0982583139349795	1.769351355260976	1.092896174863388	2	30.486072581967214
21	1	3	367	0.1238818422337407	0.10266670164853794	1.68655463231022	2.185792349726776	1	30.539338672131148
21	1	4	367	0.1277438816652167	0.10390380221078235	1.1853736242355528	2.73224043715847	1	29.64271967759563
21	1	5	367	0.1562565896753688	0.1157747812664042	1.5519293705923156	4.644808743169399	5	31.187161267759567
21	1	6	367	0.13538448570336153	0.10187044124423719	1.5702011403237166	2.459016393442623	3	32.03646333333334
21	1	7	367	0.15635967750495444	0.1064243335645901	2.192447299797319	4.371584699453552	5	33.85408659289618
21	1	8	367	0.18222176430205822	0.1113091604338714	2.116632753544636	6.0109289617486334	9	36.099701459016394
21	2	1	367	0.1362964853815869	0.10339319105867464	1.209304327468228	2.459016393442623	3	31.542051215846996
21	2	2	367	0.21717232290620908	0.1257197388883236	6.8764237007426265	6.0109289617486334	8	35.54680845081967
21	2	3	367	0.1696365116446835	0.11049944941854764	2.8399921246886373	3.825136612021858	7	34.155525486338796
21	2	4	367	0.16336616825429906	0.1190976312890781	2.204249691960477	3.278688524590164	6	33.51590975409836
21	2	5	367	0.17642214575453818	0.10987004495587975	2.1704030147824582	4.918032786885246	11	36.16276064480874
21	2	6	367	0.19154595895690196	0.1094404074605627	2.6047160189191705	7.103825136612022	9	36.34076051639344
21	2	7	367	0.17135835576501351	0.1161011762416248	1.4239569232346203	4.371584699453552	5	35.70065504371585
21	2	8	367	0.17270026409962091	0.12260644530771656	1.181316160547107	4.918032786885246	4	33.717370524590166
22	1	1	367	0.1504455301488693	0.1409812323157913	0.6975808923172795	0.819672131147541	0	33.285104642076504
22	1	2	367	0.16362673803705466	0.1483550288837842	1.1244838300865336	1.639344262295082	1	33.40486357923498
22	1	3	367	0.15525022820519788	0.13142634707542833	1.1592695324741238	1.912568306010929	2	33.92806065300547
22	1	4	367	0.17715112952617385	0.14695366441117655	1.9652980711183063	2.459016393442623	2	35.42031096174863
22	1	5	367	0.1898950439959247	0.1616377280986887	1.455030208833659	3.825136612021858	2	35.813223158469945
22	1	6	367	0.2615887221856118	0.184260405378169	1.8646168811152457	10.92896174863388	5	38.51803657923497
22	1	7	367	0.21049891207638816	0.15667324618876596	1.4063656856336206	4.918032786885246	4	35.474834172131146
22	1	8	367	0.16724275359098675	0.14752482684211085	0.8722159548653762	0.819672131147541	0	34.7467740409836
22	2	1	367	0.10999306148479616	0.1020123058811106	0.3833516001569942	0.0	0	25.5760939863388
22	2	2	367	0.1123344911327818	0.1009232154865938	1.0482832366084975	0.273224043715847	1	25.905115584699455
22	2	3	367	0.13170391388719457	0.11949916082834061	0.5481385254775519	0.546448087431694	0	25.693406500000002
22	2	4	367	0.1781974806291086	0.13896394483078	1.6352244280680472	3.278688524590164	5	29.527364483606554
22	2	5	367	0.16900782923849925	0.1366601272068772	1.394600897837582	3.278688524590164	5	27.880393920765027
22	2	6	367	0.138717604361215	0.12075082262742245	1.1513384898061363	1.092896174863388	2	27.017382038251366
22	2	7	367	0.149521129543783	0.11473965498843411	2.1170956824230847	3.0054644808743167	3	28.729902661202185
22	2	8	367	0.1664919643676155	0.1276799119307291	2.300728316349551	2.73224043715847	3	28.803084915300552
23	1	1	367	0.1670305391585534	0.15847343700619515	0.7781549404582886	1.366120218579235	0	31.84488053825137
23	1	2	367	0.15673004421501235	0.1387749942872167	1.0538806097360822	3.0054644808743167	1	31.87975484153005
23	1	3	367	0.1893578965275626	0.17164702576794483	1.106194334309217	2.73224043715847	1	32.71055169125683
23	1	4	367	0.16065526609402173	0.14281389172828096	0.882931695746008	3.278688524590164	0	31.300137628415303
23	1	5	367	0.10716287860618194	0.09303537034689016	1.058176949240398	0.546448087431694	1	28.4511714863388
23	1	6	367	0.14318731925114775	0.1119848916565787	1.979792562743593	1.639344262295082	3	30.675166453551913
23	1	7	367	0.12885207538482504	0.10836685085032255	1.3469052839005864	1.639344262295082	2	30.17151746448088
23	1	8	367	0.13413575761509317	0.11782968005606675	1.3591072167154674	1.092896174863388	3	29.519078715846994
23	2	1	367	0.18404745809241538	0.16044717952505255	0.803015935564803	2.185792349726776	0	30.99013481967213
23	2	2	367	0.19922582948161652	0.16911208908889858	1.0453633859386036	3.825136612021858	1	33.95950107923498
23	2	3	367	0.2535604378341102	0.22857479132944	1.5338812688467918	7.377049180327869	2	36.119679153005464
23	2	4	367	0.20993025311610033	0.1850939727019906	1.0351765463774865	3.278688524590164	1	34.36799143989071
23	2	5	367	0.29230745149476023	0.23106405208424863	2.3822459686274864	12.841530054644808	10	37.22724363934426
23	2	6	367	0.3011216764186708	0.2497353748087395	1.852425814439553	10.655737704918032	11	38.777189497267756
23	2	7	367	0.2240567034515622	0.1795412364269966	1.929137856498416	3.825136612021858	5	34.181027937158476
23	2	8	367	0.15490168722289602	0.14462563822818347	0.4989829422787456	0.0	0	29.16518411748634
24	1	1	367	0.11617810025633286	0.0900176437506419	1.078442795230939	1.639344262295082	2	33.13412116939891
24	1	2	367	0.10106574206783812	0.08522499023098976	0.7758419770852177	1.092896174863388	0	31.63796643169399
24	1	3	367	0.10467061934295166	0.0798325204096001	0.7983631787332792	1.912568306010929	0	32.97485206557377
24	1	4	367	0.10714162200660096	0.08421636887639905	0.7391909740480561	1.639344262295082	0	32.72822677322404
24	1	5	367	0.10599056943428026	0.08848034041243874	0.6985311516357693	1.366120218579235	0	33.7135693579235
24	1	6	367	0.11353428725145912	0.09307561935351635	0.4936942089509213	0.0	0	32.24769977868852
24	1	7	367	0.1340416147541201	0.1057131136380095	1.7363777427723004	1.639344262295082	2	35.50603888797814
24	1	8	367	0.12184000523081209	0.08530950381971025	1.825326793639422	2.73224043715847	3	33.830581502732244
24	2	1	367	0.09295845260613766	0.0806011255352799	0.4965028847738654	0.0	0	32.00112482786885
24	2	2	367	0.10059670590774926	0.08280084595025865	0.5742384670659033	0.546448087431694	0	32.857347699453555
24	2	3	367	0.08444136992735207	0.07577195228831245	0.3700957874942152	0.0	0	31.592457775956287
24	2	4	367	0.11450984174738975	0.08587645594186386	1.0595009717857984	1.912568306010929	1	34.51709919672131
24	2	5	367	0.10176833690519418	0.07735740240032545	1.0471996570722657	1.639344262295082	1	32.635993710382515
24	2	6	367	0.10116529685071562	0.0796307296357957	1.5675588113846308	0.819672131147541	1	33.12995863934426
24	2	7	367	0.1049905490848887	0.08252248837021164	0.6544878943853785	2.185792349726776	0	33.6886143715847
24	2	8	367	0.11208945790088479	0.08851283244793126	1.108087124542523	0.819672131147541	1	32.83428069945355
25	1	1	367	0.11888357509462132	0.1056764242661134	0.5391119777472583	0.546448087431694	0	30.638196945355194
25	1	2	367	0.11373539566908754	0.10013572872135196	0.6082227937725727	0.819672131147541	0	31.681863161202184
25	1	3	367	0.11436549366772344	0.10151349666920009	0.8913244174191385	0.819672131147541	0	30.33265154098361
25	1	4	367	0.11086703146285745	0.1067401387929201	0.3518738859160029	0.0	0	30.190185469945355
25	1	5	367	0.12097537281401712	0.10365900121690295	0.8755565893182516	1.092896174863388	0	30.54605603825137
25	1	6	367	0.11580139064704185	0.10446464898501835	0.7115759776130192	0.819672131147541	0	29.77819281693989
25	1	7	367	0.12951983332070413	0.1222718673445803	0.5137733332392277	0.273224043715847	0	29.353008489071037
25	1	8	367	0.11900015381655156	0.1161447232466565	0.3270456925288477	0.0	0	29.682281341530054
25	2	1	367	0.11284316559370677	0.08720732266915934	1.2138043030772816	2.73224043715847	4	28.552729827868855
25	2	2	367	0.0874357714187962	0.07223218670083405	1.252917557915226	1.366120218579235	2	28.02735255737705
25	2	3	367	0.09866258749060824	0.08092352874586814	1.2566874909841066	1.092896174863388	2	28.15092632513661
25	2	4	367	0.09421505511561808	0.07758257275020275	1.263037613579134	1.092896174863388	2	28.404286983606553
25	2	5	367	0.10547894397714926	0.0931380986864181	0.3577304912168476	0.0	0	27.684083325136616
25	2	6	367	0.1319540061167475	0.11193020083570104	2.1700443038432127	2.185792349726776	2	28.039074538251366
25	2	7	367	0.09571581422934806	0.0735159712620134	1.0765481114153912	1.912568306010929	1	28.272489103825137
25	2	8	367	0.11141593287055099	0.0914123133139423	1.368871511035058	1.639344262295082	1	29.079158027322407
26	1	1	367	0.1722462264301796	0.1096595722500477	2.827278322546025	4.371584699453552	7	32.13212712568306
26	1	2	367	0.21676644582729424	0.15227754388837145	1.9365482632776887	7.103825136612022	6	36.04928060382514
26	1	3	367	0.37632631300295616	0.20640008900660595	6.668411910648551	18.852459016393443	28	43.0390801010929
26	1	4	367	0.3960593833562612	0.17533424354732324	6.029796637713247	13.934426229508196	32	45.16837905464481
26	1	5	367	0.16372257699715792	0.1193167585122423	1.9188595947192404	2.73224043715847	3	34.53461925956284
26	1	6	367	0.22697567176052574	0.11768395302484094	4.033503440023278	9.01639344262295	14	39.25006208469945
26	1	7	367	0.23603953075459552	0.12373966941965239	4.084911581856552	9.289617486338798	14	38.088513882513666
26	1	8	367	0.21170725213848798	0.142263865250702	2.875705327787072	7.650273224043716	9	36.787795874316934
26	2	1	367	0.15145949151354324	0.1074347451379597	2.8843395823212563	3.551912568306011	5	31.20469869945355
26	2	2	367	0.10689066218371797	0.0860820372392605	1.399260721311427	1.366120218579235	2	31.402505106557378
26	2	3	367	0.11758802766228373	0.0838641068120102	1.5109835030704606	2.185792349726776	1	31.484176745901635
26	2	4	367	0.11882409676215808	0.09377223691242856	0.793948811499833	1.092896174863388	0	31.04219633879781
26	2	5	367	0.19815925830504766	0.13379075042936117	1.4970130900759862	6.830601092896176	4	33.063994792349725
26	2	6	367	0.1928549776257752	0.1523343874694765	1.6635699267594275	4.098360655737705	2	34.26561772950819
26	2	7	367	0.15028708046408804	0.09905829134803634	1.326517453091813	4.371584699453552	3	33.67966377868853
26	2	8	367	0.17058571310396672	0.11830852215577885	1.9599324390100823	4.098360655737705	3	34.21615106010929
27	1	1	367	0.10454880282096968	0.10174175903984145	0.2385731150983269	0.0	0	30.03084842076503
27	1	2	367	0.1028325179193003	0.0997454312401847	0.2541481528300232	0.0	0	30.40787715300547
27	1	3	367	0.11195225620230895	0.10779460934480864	0.3044661684281904	0.0	0	30.488405221311478
27	1	4	367	0.11047345737252719	0.10780137274298625	0.3428595710059207	0.0	0	30.699996576502734
27	1	5	367	0.13352441569724566	0.12406185418110445	0.4335378762891129	0.0	0	29.474076778688524
27	1	6	367	0.10967169370683295	0.1055877168148861	0.2741894035282239	0.0	0	30.76776169945355
27	1	7	367	0.11523575901306328	0.1143948155275124	0.2932885151894794	0.0	0	31.30952708196721
27	1	8	367	0.10965454685895859	0.1037452115161101	0.2970750056868029	0.0	0	30.918172724043718
27	2	1	367	0.1066588479779854	0.1016928082490182	0.2857293628751609	0.0	0	30.315190568306008
27	2	2	367	0.11364291644057094	0.1046890356589801	0.9759323097314772	0.273224043715847	0	30.601547792349727
27	2	3	367	0.1141037197714467	0.1069005655810766	0.3273517946835896	0.0	0	29.90021707377049
27	2	4	367	0.0988613654483304	0.09323988324676745	0.2770100892702629	0.0	0	30.693733155737704
27	2	5	367	0.1208150482130574	0.1027869965643852	0.5910128091373131	0.273224043715847	0	32.406470357923496
27	2	6	367	0.09957742510460776	0.08880351822245486	0.4670690338210849	0.0	0	31.539685765027322
27	2	7	367	0.1247204339384256	0.1063981615285	0.5212772273968829	0.273224043715847	0	33.66295357650274
27	2	8	367	0.1265735668771596	0.1001237470022545	1.0885610277078357	1.366120218579235	1	35.55541819398907
28	1	1	367	0.2840870913097199	0.14935976107543458	3.83737883344429	12.841530054644808	21	42.16134582786886
28	1	2	367	0.29728615564790817	0.15640834044339325	2.9050897505323823	11.475409836065573	25	44.24621500819672
28	1	3	367	0.24155368384445328	0.15500731767653164	3.152502649107256	7.923497267759563	10	41.40270746721312
28	1	4	367	0.33873286007803843	0.18529923835675471	3.707505162317039	14.48087431693989	25	45.99242328961749
28	1	5	367	0.2784605047878776	0.18704312811543644	1.9375487173519224	12.295081967213115	16	42.95538254918033
28	1	6	367	0.34980365344111075	0.1950475248200047	4.209201683136104	16.666666666666664	24	48.39584926229509
28	1	7	367	0.3334715230067065	0.18443247035498184	3.7404996188264255	13.661202185792352	25	47.7359869726776
28	1	8	367	0.36139726746716705	0.1934125754379014	4.104515583921427	18.0327868852459	27	47.52546888251366
28	2	1	367	0.34562899704291455	0.20733417497875717	8.065365342871232	12.295081967213115	16	42.999027857923494
28	2	2	367	0.329133585342249	0.21522529084615585	3.1995036940836243	17.759562841530055	19	43.187326131147536
28	2	3	367	0.3958085019498032	0.25162235302933705	6.513012327833186	19.94535519125683	28	44.9774586557377
28	2	4	367	0.24713448844323918	0.1802680053499982	1.4584972199831607	9.836065573770492	7	37.237823603825134
28	2	5	367	0.29991146720317213	0.21754793262397837	2.918209942322778	13.114754098360656	9	40.599085207650276
28	2	6	367	0.32531814734043535	0.2316788141299735	2.9135927657329512	16.939890710382514	17	41.783799540983615
28	2	7	367	0.3270089243159429	0.2293459915550545	2.6982000679852844	16.939890710382514	17	42.811625576502735
28	2	8	367	0.2973801155029187	0.2101066049809387	2.9239790696274777	16.39344262295082	15	41.38460359562841
pil01	1	1	355	0.1257676849550521	0.12056995293222175	0.4048713201437311	0.0	0	41.6493813559322
pil01	1	2	355	0.11036628631253005	0.09944588096841034	0.4738441301609319	0.0	0	28.630865533898298
pil01	1	3	355	0.09146308029677654	0.08746583858966919	0.2833323655156181	0.0	0	27.774288666666667
pil01	1	4	355	0.09257996353923523	0.0880802810074445	0.2863846202274335	0.0	0	27.646809985875702
pil01	1	5	355	0.10227524365793453	0.10073766947761015	0.2147693519409797	0.0	0	27.828868940677964
pil01	1	6	355	0.10816652299279278	0.10513117576934494	0.5815125976679663	0.2824858757062147	0	27.60186129943503
pil01	1	7	355	0.10576620196572428	0.10397145239915975	0.2301032935564294	0.0	0	27.553054556497173
pil01	1	8	355	0.102488155776324	0.10308472138581225	0.2279631018501177	0.0	0	27.267958717514123
pil01	2	1	355	0.12499056864104165	0.12005414338181765	0.3842972752395255	0.0	0	30.25907190112995
pil01	2	2	355	0.11689440118020368	0.1099380873791781	0.455571739139621	0.0	0	29.06002581638418
pil01	2	3	355	0.11895822514310415	0.11679309071694374	0.2973940720875042	0.0	0	28.846328641242938
pil01	2	4	355	0.11426301078896363	0.11022616700837026	0.2992980411060835	0.0	0	28.56557579661017
pil01	2	5	355	0.10737201789135323	0.1103015837417597	0.2750381777162069	0.0	0	27.840091053672317
pil01	2	6	355	0.10611041625891379	0.1053055631477323	0.2406391674278005	0.0	0	28.204567867231635
pil01	2	7	355	0.11204756529547531	0.1074325573695812	0.2465291568691983	0.0	0	27.892073081920902
pil01	2	8	355	0.10515398210307532	0.1019873123812965	0.2482400909311444	0.0	0	27.887847632768366
pil02	1	1	355	0.09198685925455609	0.08761296903954374	0.299715670707918	0.0	0	27.675159968926554
pil02	1	2	355	0.088344330221814	0.0789151687668387	0.3985337550020222	0.0	0	26.709454322033903
pil02	1	3	355	0.082698037152005	0.0730150298583582	0.5106464044638075	0.2824858757062147	0	26.762341146892656
pil02	1	4	355	0.09985970639597386	0.08789953563747255	0.3864514239731214	0.0	0	27.610820485875706
pil02	1	5	355	0.09760082631824833	0.08266757173453655	0.3790683211086147	0.0	0	27.476868519774015
pil02	1	6	355	0.10010736993051042	0.08449191558414801	0.5098864745935483	0.2824858757062147	0	27.869392316384182
pil02	1	7	355	0.10774240068585873	0.09203647085220554	0.4489374871385621	0.0	0	27.7169521299435
pil02	1	8	355	0.10337400706467055	0.09059305789149455	0.4466138855287986	0.0	0	27.97922125423729
pil02	2	1	355	0.0825010382906803	0.07252339962924034	0.2826071278611502	0.0	0	28.03108190677966
pil02	2	2	355	0.07809127300424032	0.070171085066404	0.2829241694514348	0.0	0	27.387868355932206
pil02	2	3	355	0.07901958060054456	0.06822186960501896	0.3241899945751988	0.0	0	27.455469607344636
pil02	2	4	355	0.07715178640773245	0.06893216496615301	0.4916245177585907	0.0	0	27.374464011299434
pil02	2	5	355	0.08541190624996604	0.07234010315403169	0.3062591381072933	0.0	0	27.8169218220339
pil02	2	6	355	0.08555367371607779	0.0747374661017588	0.2962188148719858	0.0	0	28.344298675141246
pil02	2	7	355	0.08035144761039142	0.06914298306879166	0.6524517732477401	0.5649717514124294	0	28.37467441242938
pil02	2	8	355	0.08763918085493783	0.0785404344305463	0.2467220598392379	0.0	0	27.97273374293785
