subject	condition	orientation_deg	value	n_trials	sd_response	sd_error	mean_abs_error
1	cdf	7.5	5.5	6	0.27386127875258304	0.27386127875258304	0.25
1	cdf	15.0	8.0	8	1.1259916264596033	1.1259916264596033	0.75
1	cdf	22.5	10.0	7	1.3758114488755875	1.3758114488755873	1.0714285714285714
1	cdf	30.0	11.0	8	0.8345229603962802	0.8345229603962802	0.625
1	cdf	37.5	11.5	8	0.5629958132298016	0.5629958132298016	0.5625
1	cdf	45.0	12.0	8	0.44320263021395917	0.44320263021395917	0.875
1	cdf	52.5	12.5	8	0.37201190457142247	0.37201190457142247	0.3125
1	cdf	60.0	13.0	6	0.27386127875258304	0.27386127875258304	0.25
1	cdf	67.5	14.0	8	0.7763237542601484	0.7763237542601484	0.5625
1	cdf	75.0	16.0	8	1.2229209763045665	1.2229209763045665	0.8125
1	cdf	82.5	18.5	8	0.1767766952966369	0.1767766952966369	0.0625
1	cdf	90.0	22.0	8	0.2672612419124244	0.2672612419124244	0.125
1	cdf	97.5	25.5	7	1.4556948921555022	1.455694892155502	1.0714285714285714
1	cdf	105.0	28.0	8	0.8634441002668988	0.8634441002668988	0.5625
1	cdf	112.5	30.0	7	0.6267831705280087	0.6267831705280087	0.8571428571428571
1	cdf	120.0	31.0	8	0.6512350903146596	0.6512350903146596	0.5625
1	cdf	127.5	31.5	8	0.6408699444616557	0.6408699444616557	0.625
1	cdf	135.0	32.0	7	0.2672612419124244	0.26726124191242434	0.21428571428571427
1	cdf	142.5	32.5	8	0.7559289460184544	0.7559289460184544	0.625
1	cdf	150.0	33.0	8	0.9910312089651149	0.9910312089651149	0.875
1	cdf	157.5	34.0	7	1.1443442705426587	1.1443442705426587	1.5
1	cdf	165.0	36.0	7	1.2535663410560174	1.2535663410560174	1.4285714285714286
1	cdf	172.5	38.5	8	0.1767766952966369	0.1767766952966369	0.0625
1	inverse_cdf	7.5	2.5	6	0.2041241452319315	0.2041241452319315	0.08333333333333333
1	inverse_cdf	15.0	3.0	6	0.8215838362577492	0.8215838362577492	0.9166666666666666
1	inverse_cdf	22.5	4.0	8	0.7989949043284676	0.7989949043284676	0.5625
1	inverse_cdf	30.0	5.0	8	0.9234059624177068	0.9234059624177068	0.8125
1	inverse_cdf	37.5	7.5	7	1.4556948921555024	1.4556948921555024	1.0714285714285714
1	inverse_cdf	45.0	11.5	8	2.117107190754133	2.117107190754133	3.375
1	inverse_cdf	52.5	16.0	7	3.7177181941923156	3.717718194192315	3.5
1	inverse_cdf	60.0	18.5	7	1.0350983390135313	1.0350983390135313	1.7142857142857142
1	inverse_cdf	67.5	20.0	8	1.026436275942851	1.026436275942851	0.75
1	inverse_cdf	75.0	21.0	7	0.4755948656056709	0.47559486560567094	0.6428571428571429
1	inverse_cdf	82.5	21.5	8	0.49551560448255744	0.49551560448255744	0.4375
1	inverse_cdf	90.0	22.0	7	0.18898223650461363	0.18898223650461365	0.07142857142857142
1	inverse_cdf	97.5	22.5	6	0.5163977794943222	0.5163977794943222	0.6666666666666666
1	inverse_cdf	105.0	23.0	8	0.5629958132298016	0.5629958132298016	0.4375
1	inverse_cdf	112.5	24.0	8	2.548634087954902	2.548634087954902	3.6875
1	inverse_cdf	120.0	25.5	7	2.0788046015507495	2.07880460155075	4.285714285714286
1	inverse_cdf	127.5	28.0	7	2.2146697055682827	2.2146697055682827	4.285714285714286
1	inverse_cdf	135.0	32.5	7	2.563479777846623	2.563479777846623	2.0714285714285716
1	inverse_cdf	142.5	36.5	8	2.194758366133795	2.194758366133795	1.5625
1	inverse_cdf	150.0	39.0	7	1.2051476890327395	1.2051476890327395	0.8571428571428571
1	inverse_cdf	157.5	40.0	8	0.5938674695827104	0.5938674695827104	0.4375
1	inverse_cdf	165.0	41.0	7	0.4879500364742666	0.48795003647426666	0.7142857142857143
1	inverse_cdf	172.5	41.5	8	0.3535533905932738	0.3535533905932738	0.25
2	cdf	7.5	5.5	8	2.266802341877839	2.266802341877839	1.5625
2	cdf	15.0	8.0	8	1.2747548783981961	1.2747548783981961	1.375
2	cdf	22.5	10.0	8	0.9234059624177068	0.9234059624177068	0.9375
2	cdf	30.0	11.0	8	1.5338443765351724	1.5338443765351724	1.1875
2	cdf	37.5	11.5	8	0.5976143046671968	0.5976143046671968	0.75
2	cdf	45.0	12.0	8	0.5629958132298016	0.5629958132298016	0.4375
2	cdf	52.5	12.5	8	2.052872551885702	2.052872551885702	1.25
2	cdf	60.0	13.0	7	0.8521681032463466	0.8521681032463467	0.6428571428571429
2	cdf	67.5	14.0	8	2.655856063225458	2.655856063225458	1.625
2	cdf	75.0	16.0	8	1.6677080080157918	1.6677080080157918	1.1875
2	cdf	82.5	18.5	8	1.5797264681854624	1.5797264681854624	1.4375
2	cdf	90.0	22.0	8	0.8345229603962802	0.8345229603962802	0.625
2	cdf	97.5	25.5	8	2.2320714274285347	2.2320714274285347	1.375
2	cdf	105.0	28.0	8	2.8901000971296082	2.8901000971296082	2.4375
2	cdf	112.5	30.0	8	1.4376940862764531	1.4376940862764531	1.0625
2	cdf	120.0	31.0	8	1.8126539343499315	1.8126539343499315	1.25
2	cdf	127.5	31.5	8	1.5221577729375775	1.5221577729375775	1.1875
2	cdf	135.0	32.0	8	1.026436275942851	1.026436275942851	1.0
2	cdf	142.5	32.5	8	1.8468119248354136	1.8468119248354136	1.625
2	cdf	150.0	33.0	8	1.032939633141398	1.032939633141398	1.6875
2	cdf	157.5	34.0	7	1.4142135623730951	1.4142135623730951	1.7857142857142858
2	cdf	165.0	36.0	8	2.57390753524675	2.57390753524675	2.25
2	cdf	172.5	38.5	8	0.6232117273791125	0.6232117273791125	0.6875
2	inverse_cdf	7.5	2.5	7	0.7637626158259734	0.7637626158259734	0.6428571428571429
2	inverse_cdf	15.0	3.0	8	0.45806269065645216	0.45806269065645216	1.6875
2	inverse_cdf	22.5	4.0	8	0.8345229603962802	0.8345229603962802	2.125
2	inverse_cdf	30.0	5.0	7	0.5563486402641867	0.5563486402641868	2.142857142857143
2	inverse_cdf	37.5	7.5	8	3.50255009141299	3.50255009141299	3.125
2	inverse_cdf	45.0	11.5	7	0.6725927091345493	0.6725927091345493	0.5714285714285714
2	inverse_cdf	52.5	16.0	8	6.330199726029864	6.330199726029864	4.0
2	inverse_cdf	60.0	18.5	8	2.632217967526897	2.632217967526897	3.625
2	inverse_cdf	67.5	20.0	7	1.6583123951777	1.6583123951777	1.7857142857142858
2	inverse_cdf	75.0	21.0	8	0.6546536707079771	0.6546536707079771	1.25
2	inverse_cdf	82.5	21.5	7	0.9759000729485333	0.9759000729485333	0.8571428571428571
2	inverse_cdf	90.0	22.0	8	0.1767766952966369	0.1767766952966369	0.0625
2	inverse_cdf	97.5	22.5	7	0.37796447300922725	0.3779644730092272	0.2857142857142857
2	inverse_cdf	105.0	23.0	8	1.6690459207925603	1.6690459207925603	1.625
2	inverse_cdf	112.5	24.0	7	2.0788046015507495	2.07880460155075	1.5
2	inverse_cdf	120.0	25.5	8	1.6636878141217308	1.6636878141217308	2.625
2	inverse_cdf	127.5	28.0	8	1.2517844405944203	1.2517844405944203	1.1875
2	inverse_cdf	135.0	32.5	8	1.9074571704609404	1.9074571704609404	1.4375
2	inverse_cdf	142.5	36.5	8	1.9445436482630056	1.9445436482630056	2.0625
2	inverse_cdf	150.0	39.0	8	1.8126539343499315	1.8126539343499315	3.125
2	inverse_cdf	157.5	40.0	8	1.625686668105863	1.625686668105863	2.25
2	inverse_cdf	165.0	41.0	8	0.9038607667745545	0.9038607667745545	1.9375
2	inverse_cdf	172.5	41.5	8	0.7288689868556626	0.7288689868556626	0.9375
3	cdf	7.5	5.5	8	0.44320263021395917	0.44320263021395917	0.375
3	cdf	15.0	8.0	8	1.7100020885534446	1.7100020885534446	1.3125
3	cdf	22.5	10.0	7	2.1739803302216134	2.173980330221614	1.9285714285714286
3	cdf	30.0	11.0	7	1.679710859472121	1.679710859472121	1.2857142857142858
3	cdf	37.5	11.5	7	1.5197117521174233	1.5197117521174237	1.2857142857142858
3	cdf	45.0	12.0	6	1.0684880283216405	1.0684880283216405	0.9166666666666666
3	cdf	52.5	12.5	6	1.1690451944500122	1.1690451944500122	0.6666666666666666
3	cdf	60.0	13.0	6	1.6431676725154984	1.6431676725154984	1.1666666666666667
3	cdf	67.5	14.0	7	2.3350333942753263	2.3350333942753267	2.642857142857143
3	cdf	75.0	16.0	8	1.9445436482630056	1.9445436482630056	1.8125
3	cdf	82.5	18.5	7	1.632993161855452	1.632993161855452	1.1428571428571428
3	cdf	90.0	22.0	6	0.3763863263545405	0.37638632635454056	0.25
3	cdf	97.5	25.5	6	2.0655911179772892	2.0655911179772892	1.6666666666666667
3	cdf	105.0	28.0	8	3.218251521733946	3.218251521733946	2.625
3	cdf	112.5	30.0	8	3.401024005459868	3.401024005459868	4.0625
3	cdf	120.0	31.0	8	1.751275045706495	1.751275045706495	2.0625
3	cdf	127.5	31.5	8	1.4252192813739224	1.4252192813739224	2.9375
3	cdf	135.0	32.0	8	1.3627702877384937	1.3627702877384937	1.75
3	cdf	142.5	32.5	5	2.307596151842865	2.307596151842865	2.1
3	cdf	150.0	33.0	7	1.632993161855452	1.632993161855452	2.142857142857143
3	cdf	157.5	34.0	7	0.8864052604279183	0.8864052604279183	1.5714285714285714
3	cdf	165.0	36.0	8	8.319244041892954	8.319244041892954	3.8125
3	cdf	172.5	38.5	6	0.25819888974716115	0.25819888974716115	0.16666666666666666
3	inverse_cdf	7.5	2.5	7	0.809173593712687	0.809173593712687	0.8571428571428571
3	inverse_cdf	15.0	3.0	8	2.3745300286883837	2.3745300286883837	2.1875
3	inverse_cdf	22.5	4.0	7	3.505098327538656	3.5050983275386565	3.5714285714285716
3	inverse_cdf	30.0	5.0	6	4.005204946899306	4.005204946899306	4.25
3	inverse_cdf	37.5	7.5	8	3.563204817496262	3.563204817496262	2.875
3	inverse_cdf	45.0	11.5	8	3.1622776601683795	3.1622776601683795	2.625
3	inverse_cdf	52.5	16.0	6	2.6076809620810595	2.6076809620810595	2.5
3	inverse_cdf	60.0	18.5	5	2.7064737205448717	2.7064737205448717	4.3
3	inverse_cdf	67.5	20.0	7	1.7728105208558367	1.7728105208558365	2.642857142857143
3	inverse_cdf	75.0	21.0	6	1.7795130420052185	1.7795130420052185	3.3333333333333335
3	inverse_cdf	82.5	21.5	7	0.3450327796711771	0.34503277967117707	0.42857142857142855
3	inverse_cdf	90.0	22.0	7	0.28867513459481287	0.28867513459481287	0.14285714285714285
3	inverse_cdf	97.5	22.5	6	0.8944271909999159	0.8944271909999159	0.8333333333333334
3	inverse_cdf	105.0	23.0	8	2.49284690951645	2.49284690951645	2.25
3	inverse_cdf	112.5	24.0	5	3.817721833764215	3.817721833764215	3.7
3	inverse_cdf	120.0	25.5	7	2.699206232527312	2.699206232527312	3.7142857142857144
3	inverse_cdf	127.5	28.0	8	1.751275045706495	1.751275045706495	5.3125
3	inverse_cdf	135.0	32.5	8	1.6021748611541393	1.6021748611541393	2.8125
3	inverse_cdf	142.5	36.5	6	2.2967368155711703	2.2967368155711703	2.25
3	inverse_cdf	150.0	39.0	7	1.8126539343499313	1.8126539343499315	3.0714285714285716
3	inverse_cdf	157.5	40.0	8	1.0999188281738923	1.0999188281738923	2.3125
3	inverse_cdf	165.0	41.0	7	2.2519832529192065	2.2519832529192065	2.5
3	inverse_cdf	172.5	41.5	8	0.7905694150420949	0.7905694150420949	0.875
4	cdf	7.5	5.5	8	1.3363062095621219	1.3363062095621219	1.25
4	cdf	15.0	8.0	7	0.1889822365046136	0.18898223650461363	2.0714285714285716
4	cdf	22.5	10.0	7	0.7867957924694431	0.7867957924694431	0.8571428571428571
4	cdf	30.0	11.0	8	0.44320263021395917	0.44320263021395917	0.375
4	cdf	37.5	11.5	8	0.49551560448255744	0.49551560448255744	0.4375
4	cdf	45.0	12.0	4	0.28867513459481287	0.28867513459481287	0.25
4	cdf	52.5	12.5	7	0.6725927091345493	0.6725927091345493	0.5
4	cdf	60.0	13.0	7	0.6267831705280087	0.6267831705280087	0.5
4	cdf	67.5	14.0	8	1.1572751247156894	1.1572751247156894	1.125
4	cdf	75.0	16.0	6	1.3291601358251257	1.3291601358251257	0.8333333333333334
4	cdf	82.5	18.5	7	1.2817398889233116	1.2817398889233116	1.1428571428571428
4	cdf	90.0	22.0	8	0.0	0.0	0.0
4	cdf	97.5	25.5	8	1.3363062095621219	1.3363062095621219	1.25
4	cdf	105.0	28.0	5	2.6362852652928135	2.6362852652928135	1.9
4	cdf	112.5	30.0	8	1.4820352800890306	1.4820352800890306	1.375
4	cdf	120.0	31.0	7	0.9322272357358045	0.9322272357358045	0.42857142857142855
4	cdf	127.5	31.5	7	0.5345224838248487	0.5345224838248487	0.35714285714285715
4	cdf	135.0	32.0	6	0.3763863263545405	0.3763863263545405	0.25
4	cdf	142.5	32.5	7	0.18898223650461363	0.18898223650461363	0.5714285714285714
4	cdf	150.0	33.0	6	0.408248290463863	0.408248290463863	0.6666666666666666
4	cdf	157.5	34.0	3	1.8929694486000912	1.8929694486000912	1.3333333333333333
4	cdf	165.0	36.0	7	1.9117431586805547	1.9117431586805549	0.9285714285714286
4	cdf	172.5	38.5	5	0.0	0.0	0.0
4	inverse_cdf	7.5	2.5	8	0.1767766952966369	0.1767766952966369	0.0625
4	inverse_cdf	15.0	3.0	7	0.7559289460184545	0.7559289460184545	0.2857142857142857
4	inverse_cdf	22.5	4.0	6	0.6123724356957945	0.6123724356957945	0.9166666666666666
4	inverse_cdf	30.0	5.0	8	1.5683817866104632	1.5683817866104632	1.4375
4	inverse_cdf	37.5	7.5	8	1.4142135623730951	1.4142135623730951	0.5
4	inverse_cdf	45.0	11.5	7	2.138089935299395	2.1380899352993947	1.7142857142857142
4	inverse_cdf	52.5	16.0	8	1.625686668105863	1.625686668105863	4.0
4	inverse_cdf	60.0	18.5	7	2.129721645125082	2.129721645125082	4.071428571428571
4	inverse_cdf	67.5	20.0	7	1.9790570145063195	1.9790570145063195	2.142857142857143
4	inverse_cdf	75.0	21.0	7	0.5345224838248488	0.5345224838248487	0.42857142857142855
4	inverse_cdf	82.5	21.5	7	0.18898223650461363	0.18898223650461363	0.07142857142857142
4	inverse_cdf	90.0	22.0	8	0.0	0.0	0.0
4	inverse_cdf	97.5	22.5	8	0.25877458475338283	0.25877458475338283	0.1875
4	inverse_cdf	105.0	23.0	8	0.7905694150420949	0.7905694150420949	0.875
4	inverse_cdf	112.5	24.0	8	2.2320714274285347	2.2320714274285347	1.625
4	inverse_cdf	120.0	25.5	8	3.4219616345849686	3.4219616345849686	4.3125
4	inverse_cdf	127.5	28.0	7	3.0802751886958477	3.0802751886958477	2.7857142857142856
4	inverse_cdf	135.0	32.5	8	1.7614421850939563	1.7614421850939563	1.0625
4	inverse_cdf	142.5	36.5	8	2.0777305613852546	2.0777305613852546	1.9375
4	inverse_cdf	150.0	39.0	7	1.3363062095621219	1.3363062095621219	1.4285714285714286
4	inverse_cdf	157.5	40.0	8	2.3895232638690564	2.3895232638690564	1.6875
4	inverse_cdf	165.0	41.0	8	1.6569658156660065	1.6569658156660065	1.6875
4	inverse_cdf	172.5	41.5	8	0.1767766952966369	0.1767766952966369	0.0625
5	cdf	7.5	5.5	8	0.1767766952966369	0.1767766952966369	0.0625
5	cdf	15.0	8.0	8	0.2672612419124244	0.2672612419124244	0.125
5	cdf	22.5	10.0	8	0.6232117273791125	0.6232117273791125	0.5625
5	cdf	30.0	11.0	8	0.7440238091428449	0.7440238091428449	0.625
5	cdf	37.5	11.5	8	0.5175491695067657	0.5175491695067657	0.375
5	cdf	45.0	12.0	8	0.32043497223082784	0.32043497223082784	0.4375
5	cdf	52.5	12.5	8	0.3779644730092272	0.3779644730092272	0.25
5	cdf	60.0	13.0	8	0.4629100498862757	0.4629100498862757	0.25
5	cdf	67.5	14.0	8	0.5976143046671968	0.5976143046671968	0.625
5	cdf	75.0	16.0	7	1.889822365046136	1.889822365046136	1.2142857142857142
5	cdf	82.5	18.5	8	0.49551560448255744	0.49551560448255744	0.3125
5	cdf	90.0	22.0	8	0.32043497223082784	0.32043497223082784	0.1875
5	cdf	97.5	25.5	7	0.9128709291752769	0.9128709291752769	0.5714285714285714
5	cdf	105.0	28.0	8	0.9161253813129043	0.9161253813129043	0.5
5	cdf	112.5	30.0	8	0.7529703086538577	0.7529703086538577	0.6875
5	cdf	120.0	31.0	8	1.1572751247156894	1.1572751247156894	0.625
5	cdf	127.5	31.5	8	0.8634441002668988	0.8634441002668988	0.6875
5	cdf	135.0	32.0	8	0.5175491695067657	0.5175491695067657	0.375
5	cdf	142.5	32.5	8	0.7905694150420949	0.7905694150420949	1.0
5	cdf	150.0	33.0	8	0.7529703086538577	0.7529703086538577	1.1875
5	cdf	157.5	34.0	8	1.093813773650968	1.093813773650968	1.25
5	cdf	165.0	36.0	8	0.5824823725107175	0.5824823725107175	0.25
5	cdf	172.5	38.5	8	0.0	0.0	0.0
5	inverse_cdf	7.5	2.5	8	0.5345224838248488	0.5345224838248488	0.375
5	inverse_cdf	15.0	3.0	6	1.9916492328386208	1.9916492328386206	1.3333333333333333
5	inverse_cdf	22.5	4.0	8	1.0999188281738923	1.0999188281738923	0.9375
5	inverse_cdf	30.0	5.0	7	1.2863754913562	1.2863754913562	1.2857142857142858
5	inverse_cdf	37.5	7.5	8	2.336626078038895	2.336626078038895	1.9375
5	inverse_cdf	45.0	11.5	7	3.074472467331746	3.074472467331746	2.357142857142857
5	inverse_cdf	52.5	16.0	8	3.453776401067595	3.453776401067595	3.375
5	inverse_cdf	60.0	18.5	8	2.295181287579947	2.295181287579947	3.0
5	inverse_cdf	67.5	20.0	8	2.555631037532609	2.555631037532609	2.0625
5	inverse_cdf	75.0	21.0	7	0.944911182523068	0.944911182523068	0.6428571428571429
5	inverse_cdf	82.5	21.5	8	0.37201190457142247	0.37201190457142247	0.3125
5	inverse_cdf	90.0	22.0	8	0.6781013409302687	0.6781013409302687	0.3125
5	inverse_cdf	97.5	22.5	7	0.5345224838248488	0.5345224838248488	0.35714285714285715
5	inverse_cdf	105.0	23.0	8	0.5303300858899106	0.5303300858899106	0.4375
5	inverse_cdf	112.5	24.0	8	1.0690449676496976	1.0690449676496976	0.75
5	inverse_cdf	120.0	25.5	8	2.5319388392523003	2.5319388392523003	2.25
5	inverse_cdf	127.5	28.0	7	2.3979157616563596	2.3979157616563596	2.0
5	inverse_cdf	135.0	32.5	8	2.866057521105554	2.866057521105554	1.875
5	inverse_cdf	142.5	36.5	7	3.679091502764546	3.679091502764546	2.0
5	inverse_cdf	150.0	39.0	8	1.1160357137142674	1.1160357137142674	1.0625
5	inverse_cdf	157.5	40.0	8	0.7905694150420949	0.7905694150420949	0.5
5	inverse_cdf	165.0	41.0	8	0.1767766952966369	0.1767766952966369	0.0625
5	inverse_cdf	172.5	41.5	8	0.6781013409302687	0.6781013409302687	0.4375
6	cdf	7.5	5.5	7	0.0	0.0	0.0
6	cdf	15.0	8.0	8	0.4172614801981401	0.4172614801981401	0.1875
6	cdf	22.5	10.0	7	1.1801936887041649	1.1801936887041649	1.6428571428571428
6	cdf	30.0	11.0	8	1.2817398889233114	1.2817398889233114	1.5
6	cdf	37.5	11.5	7	0.5	0.5	1.0
6	cdf	45.0	12.0	8	1.026436275942851	1.026436275942851	1.125
6	cdf	52.5	12.5	8	1.0350983390135313	1.0350983390135313	0.875
6	cdf	60.0	13.0	8	1.0350983390135313	1.0350983390135313	1.0
6	cdf	67.5	14.0	6	1.800462903440853	1.800462903440853	1.5833333333333333
6	cdf	75.0	16.0	8	1.2799972098183876	1.2799972098183876	0.8125
6	cdf	82.5	18.5	8	0.8762745818846641	0.8762745818846641	0.375
6	cdf	90.0	22.0	7	0.0	0.0	0.0
6	cdf	97.5	25.5	6	0.2041241452319315	0.2041241452319315	0.08333333333333333
6	cdf	105.0	28.0	7	1.7994708216848745	1.7994708216848745	1.2142857142857142
6	cdf	112.5	30.0	6	1.66332999331662	1.66332999331662	1.6666666666666667
6	cdf	120.0	31.0	7	1.0350983390135313	1.0350983390135313	0.5714285714285714
6	cdf	127.5	31.5	7	0.4879500364742666	0.4879500364742666	0.42857142857142855
6	cdf	135.0	32.0	7	1.0801234497346435	1.0801234497346435	0.9285714285714286
6	cdf	142.5	32.5	8	1.1019463300386794	1.1019463300386794	0.875
6	cdf	150.0	33.0	6	1.3291601358251257	1.3291601358251257	1.8333333333333333
6	cdf	157.5	34.0	6	0.8010409893798609	0.8010409893798611	1.5833333333333333
6	cdf	165.0	36.0	6	0.0	0.0	0.0
6	cdf	172.5	38.5	7	0.1889822365046136	0.18898223650461363	0.07142857142857142
6	inverse_cdf	7.5	2.5	7	0.2672612419124244	0.26726124191242434	0.21428571428571427
6	inverse_cdf	15.0	3.0	7	0.37796447300922725	0.37796447300922725	0.14285714285714285
6	inverse_cdf	22.5	4.0	8	0.45806269065645216	0.45806269065645216	0.6875
6	inverse_cdf	30.0	5.0	7	1.0350983390135313	1.0350983390135313	0.7857142857142857
6	inverse_cdf	37.5	7.5	8	1.741048534648015	1.741048534648015	1.0625
6	inverse_cdf	45.0	11.5	8	3.093772546815388	3.093772546815388	2.375
6	inverse_cdf	52.5	16.0	8	1.685018016012207	1.685018016012207	4.125
6	inverse_cdf	60.0	18.5	7	2.0788046015507495	2.0788046015507495	2.7857142857142856
6	inverse_cdf	67.5	20.0	7	1.5391710817994273	1.5391710817994275	0.7142857142857143
6	inverse_cdf	75.0	21.0	8	0.5345224838248488	0.5345224838248488	0.375
6	inverse_cdf	82.5	21.5	8	0.1767766952966369	0.1767766952966369	0.0625
6	inverse_cdf	90.0	22.0	8	0.3535533905932738	0.3535533905932738	0.125
6	inverse_cdf	97.5	22.5	8	0.0	0.0	0.5
6	inverse_cdf	105.0	23.0	8	0.7288689868556626	0.7288689868556626	0.5625
6	inverse_cdf	112.5	24.0	7	1.349603116263656	1.349603116263656	1.2857142857142858
6	inverse_cdf	120.0	25.5	6	1.0954451150103321	1.0954451150103321	0.6666666666666666
6	inverse_cdf	127.5	28.0	7	3.053101467594644	3.053101467594644	3.0714285714285716
6	inverse_cdf	135.0	32.5	7	3.696845502136472	3.696845502136472	3.2857142857142856
6	inverse_cdf	142.5	36.5	8	0.9161253813129043	0.9161253813129043	0.625
6	inverse_cdf	150.0	39.0	7	1.3801311186847083	1.3801311186847085	1.1428571428571428
6	inverse_cdf	157.5	40.0	8	0.6232117273791125	0.6232117273791125	0.6875
6	inverse_cdf	165.0	41.0	7	0.44986770542121873	0.4498677054212186	0.21428571428571427
6	inverse_cdf	172.5	41.5	8	0.23145502494313785	0.23145502494313785	0.125
7	cdf	7.5	5.5	8	0.7763237542601484	0.7763237542601484	0.5625
7	cdf	15.0	8.0	7	1.7251638983558857	1.7251638983558855	1.2857142857142858
7	cdf	22.5	10.0	7	0.9574271077563381	0.9574271077563381	0.7857142857142857
7	cdf	30.0	11.0	7	0.4755948656056709	0.475594865605671	0.2857142857142857
7	cdf	37.5	11.5	7	0.6454972243679028	0.6454972243679028	0.5
7	cdf	45.0	12.0	7	1.5923926292577113	1.5923926292577109	1.4285714285714286
7	cdf	52.5	12.5	7	0.6074928962939559	0.6074928962939559	0.42857142857142855
7	cdf	60.0	13.0	7	0.7867957924694432	0.7867957924694432	0.8571428571428571
7	cdf	67.5	14.0	7	1.6690459207925605	1.6690459207925605	1.0714285714285714
7	cdf	75.0	16.0	7	0.4755948656056709	0.475594865605671	0.2857142857142857
7	cdf	82.5	18.5	7	0.8521681032463466	0.8521681032463466	0.7857142857142857
7	cdf	90.0	22.0	8	0.3535533905932738	0.3535533905932738	0.375
7	cdf	97.5	25.5	7	0.408248290463863	0.408248290463863	0.5
7	cdf	105.0	28.0	8	0.7288689868556626	0.7288689868556626	0.5625
7	cdf	112.5	30.0	8	1.3822858914545448	1.3822858914545448	1.75
7	cdf	120.0	31.0	8	0.7989949043284676	0.7989949043284676	0.9375
7	cdf	127.5	31.5	8	0.7071067811865476	0.7071067811865476	0.5
7	cdf	135.0	32.0	8	0.5303300858899106	0.5303300858899106	0.4375
7	cdf	142.5	32.5	8	0.9425459443140463	0.9425459443140463	0.8125
7	cdf	150.0	33.0	7	0.5563486402641868	0.5563486402641867	0.7857142857142857
7	cdf	157.5	34.0	8	0.5345224838248488	0.5345224838248488	0.375
7	cdf	165.0	36.0	7	0.9128709291752769	0.9128709291752769	1.5
7	cdf	172.5	38.5	8	1.2174328963613794	1.2174328963613794	0.75
7	inverse_cdf	7.5	2.5	8	0.7905694150420949	0.7905694150420949	0.875
7	inverse_cdf	15.0	3.0	8	1.2799972098183876	1.2799972098183876	1.0625
7	inverse_cdf	22.5	4.0	7	1.0690449676496974	1.0690449676496974	0.7857142857142857
7	inverse_cdf	30.0	5.0	7	1.4719601443879744	1.4719601443879744	1.2142857142857142
7	inverse_cdf	37.5	7.5	8	1.9639610121239315	1.9639610121239315	1.5
7	inverse_cdf	45.0	11.5	7	1.409998311380279	1.409998311380279	3.2142857142857144
7	inverse_cdf	52.5	16.0	8	1.334634781503914	1.334634781503914	4.8125
7	inverse_cdf	60.0	18.5	8	2.6423744732991303	2.6423744732991303	6.125
7	inverse_cdf	67.5	20.0	8	2.220038609702865	2.220038609702865	7.25
7	inverse_cdf	75.0	21.0	8	2.6049403612586386	2.6049403612586386	7.0
7	inverse_cdf	82.5	21.5	7	1.7728105208558365	1.7728105208558365	6.142857142857143
7	inverse_cdf	90.0	22.0	8	0.45806269065645216	0.45806269065645216	2.8125
7	inverse_cdf	97.5	22.5	7	1.2817398889233116	1.2817398889233116	1.8571428571428572
7	inverse_cdf	105.0	23.0	8	0.7039429765866795	0.7039429765866795	1.3125
7	inverse_cdf	112.5	24.0	8	1.3363062095621219	1.3363062095621219	2.0
7	inverse_cdf	120.0	25.5	7	0.5669467095138409	0.5669467095138409	3.2857142857142856
7	inverse_cdf	127.5	28.0	8	2.0604697799981717	2.0604697799981717	3.4375
7	inverse_cdf	135.0	32.5	7	2.254624876411447	2.254624876411447	5.5
7	inverse_cdf	142.5	36.5	8	2.016671585983768	2.016671585983768	9.3125
7	inverse_cdf	150.0	39.0	8	2.9368350311176825	2.9368350311176825	8.375
7	inverse_cdf	157.5	40.0	7	2.1297216451250818	2.1297216451250818	7.428571428571429
7	inverse_cdf	165.0	41.0	8	2.659215781283755	2.659215781283755	5.5
7	inverse_cdf	172.5	41.5	8	1.3093073414159542	1.3093073414159542	4.75
8	cdf	7.5	5.5	8	6.281705296221038	6.281705296221038	3.1875
8	cdf	15.0	8.0	8	1.9594095320493148	1.9594095320493148	1.875
8	cdf	22.5	10.0	7	2.2253945610567474	2.225394561056747	2.0714285714285716
8	cdf	30.0	11.0	8	3.1024184114977142	3.1024184114977142	2.5
8	cdf	37.5	11.5	7	1.4556948921555022	1.4556948921555022	1.4285714285714286
8	cdf	45.0	12.0	7	1.752549163769328	1.7525491637693282	1.2142857142857142
8	cdf	52.5	12.5	7	1.7660825629193044	1.7660825629193044	1.3571428571428572
8	cdf	60.0	13.0	8	1.889822365046136	1.889822365046136	1.25
8	cdf	67.5	14.0	8	2.748376143938713	2.748376143938713	2.5
8	cdf	75.0	16.0	8	1.8407587721216643	1.8407587721216643	2.0625
8	cdf	82.5	18.5	8	1.1259916264596033	1.1259916264596033	0.875
8	cdf	90.0	22.0	7	0.4755948656056709	0.475594865605671	0.2857142857142857
8	cdf	97.5	25.5	7	1.0578504710249077	1.0578504710249075	0.8571428571428571
8	cdf	105.0	28.0	7	4.131758532565592	4.131758532565592	3.357142857142857
8	cdf	112.5	30.0	7	1.1801936887041646	1.1801936887041649	2.142857142857143
8	cdf	120.0	31.0	7	1.8451996923807203	1.8451996923807203	1.7857142857142858
8	cdf	127.5	31.5	8	1.7320508075688772	1.7320508075688772	1.875
8	cdf	135.0	32.0	7	1.2488089563755576	1.2488089563755578	1.6428571428571428
8	cdf	142.5	32.5	6	2.23606797749979	2.23606797749979	2.8333333333333335
8	cdf	150.0	33.0	8	1.2799972098183876	1.2799972098183876	2.6875
8	cdf	157.5	34.0	8	1.0606601717798212	1.0606601717798212	2.375
8	cdf	165.0	36.0	7	0.6986381310057718	0.6986381310057719	1.2857142857142858
8	cdf	172.5	38.5	6	0.5477225575051661	0.5477225575051661	0.5
8	inverse_cdf	7.5	2.5	8	0.44320263021395917	0.44320263021395917	0.5
8	inverse_cdf	15.0	3.0	7	0.5773502691896257	0.5773502691896257	0.5
8	inverse_cdf	22.5	4.0	8	1.8791620472966135	1.8791620472966135	2.3125
8	inverse_cdf	30.0	5.0	8	2.8284271247461903	2.8284271247461903	3.125
8	inverse_cdf	37.5	7.5	8	2.2430448056157952	2.2430448056157952	2.0625
8	inverse_cdf	45.0	11.5	7	1.8027756377319946	1.8027756377319946	1.0
8	inverse_cdf	52.5	16.0	6	0.408248290463863	0.408248290463863	4.666666666666667
8	inverse_cdf	60.0	18.5	7	5.829930980560168	5.829930980560168	6.571428571428571
8	inverse_cdf	67.5	20.0	8	4.59813626840888	4.59813626840888	5.0
8	inverse_cdf	75.0	21.0	7	2.211980366743146	2.211980366743146	3.0
8	inverse_cdf	82.5	21.5	8	0.25877458475338283	0.25877458475338283	0.3125
8	inverse_cdf	90.0	22.0	8	0.0	0.0	0.0
8	inverse_cdf	97.5	22.5	7	0.4879500364742666	0.4879500364742666	0.42857142857142855
8	inverse_cdf	105.0	23.0	8	2.0948491251502714	2.0948491251502714	1.9375
8	inverse_cdf	112.5	24.0	7	2.5284100029182652	2.5284100029182657	4.642857142857143
8	inverse_cdf	120.0	25.5	6	5.134848261308864	5.134848261308864	6.666666666666667
8	inverse_cdf	127.5	28.0	7	4.442757616401691	4.442757616401691	6.642857142857143
8	inverse_cdf	135.0	32.5	8	4.233687180562251	4.233687180562251	3.5625
8	inverse_cdf	142.5	36.5	8	2.25099184487956	2.25099184487956	1.8125
8	inverse_cdf	150.0	39.0	8	3.359421718944242	3.359421718944242	1.75
8	inverse_cdf	157.5	40.0	8	1.6569658156660065	1.6569658156660065	1.0625
8	inverse_cdf	165.0	41.0	6	0.5845225972250061	0.5845225972250061	1.0833333333333333
8	inverse_cdf	172.5	41.5	7	0.9759000729485332	0.9759000729485333	1.0714285714285714
9	cdf	7.5	5.5	8	0.37201190457142247	0.37201190457142247	0.3125
9	cdf	15.0	8.0	7	1.4142135623730951	1.4142135623730951	1.0
9	cdf	22.5	10.0	8	0.37201190457142247	0.37201190457142247	2.3125
9	cdf	30.0	11.0	7	1.35400640077266	1.35400640077266	1.6428571428571428
9	cdf	37.5	11.5	8	0.44320263021395917	0.44320263021395917	0.625
9	cdf	45.0	12.0	8	0.2672612419124244	0.2672612419124244	1.25
9	cdf	52.5	12.5	8	0.5824823725107175	0.5824823725107175	1.625
9	cdf	60.0	13.0	8	0.8838834764831844	0.8838834764831844	0.9375
9	cdf	67.5	14.0	8	0.7763237542601484	0.7763237542601484	1.4375
9	cdf	75.0	16.0	8	2.0343040227908062	2.0343040227908062	2.3125
9	cdf	82.5	18.5	8	1.625686668105863	1.625686668105863	1.75
9	cdf	90.0	22.0	8	0.2672612419124244	0.2672612419124244	0.125
9	cdf	97.5	25.5	8	0.5345224838248488	0.5345224838248488	0.75
9	cdf	105.0	28.0	8	1.0350983390135313	1.0350983390135313	2.5
9	cdf	112.5	30.0	8	1.2229209763045665	1.2229209763045665	2.8125
9	cdf	120.0	31.0	8	2.7255405754769875	2.7255405754769875	2.375
9	cdf	127.5	31.5	8	1.439245834257849	1.439245834257849	1.25
9	cdf	135.0	32.0	8	0.5938674695827104	0.5938674695827104	0.8125
9	cdf	142.5	32.5	8	2.052872551885702	2.052872551885702	1.75
9	cdf	150.0	33.0	8	1.224744871391589	1.224744871391589	2.375
9	cdf	157.5	34.0	8	0.9038607667745545	0.9038607667745545	1.9375
9	cdf	165.0	36.0	8	1.1877349391654208	1.1877349391654208	1.0
9	cdf	172.5	38.5	7	0.2672612419124244	0.2672612419124244	0.2857142857142857
9	inverse_cdf	7.5	2.5	8	0.3535533905932738	0.3535533905932738	0.25
9	inverse_cdf	15.0	3.0	7	0.9940297973880049	0.9940297973880049	0.7142857142857143
9	inverse_cdf	22.5	4.0	8	0.9910312089651149	0.9910312089651149	0.875
9	inverse_cdf	30.0	5.0	8	2.520452056958944	2.520452056958944	2.5625
9	inverse_cdf	37.5	7.5	8	2.731267366731318	2.731267366731318	2.4375
9	inverse_cdf	45.0	11.5	8	0.5303300858899106	0.5303300858899106	0.3125
9	inverse_cdf	52.5	16.0	8	0.6781013409302687	0.6781013409302687	4.5625
9	inverse_cdf	60.0	18.5	8	2.8777161083053344	2.8777161083053344	2.0625
9	inverse_cdf	67.5	20.0	8	1.685018016012207	1.685018016012207	1.375
9	inverse_cdf	75.0	21.0	8	1.9086270308410553	1.9086270308410553	1.875
9	inverse_cdf	82.5	21.5	8	0.23145502494313785	0.23145502494313785	0.125
9	inverse_cdf	90.0	22.0	8	0.1767766952966369	0.1767766952966369	0.0625
9	inverse_cdf	97.5	22.5	8	0.7288689868556626	0.7288689868556626	0.4375
9	inverse_cdf	105.0	23.0	8	0.7440238091428449	0.7440238091428449	0.625
9	inverse_cdf	112.5	24.0	8	3.2671252107712587	3.2671252107712587	2.3125
9	inverse_cdf	120.0	25.5	8	5.2167313247172045	5.2167313247172045	7.875
9	inverse_cdf	127.5	28.0	7	1.35400640077266	1.35400640077266	5.0
9	inverse_cdf	135.0	32.5	8	3.590040787671201	3.590040787671201	3.8125
9	inverse_cdf	142.5	36.5	7	1.4638501094227998	1.4638501094227998	1.2142857142857142
9	inverse_cdf	150.0	39.0	8	0.6512350903146596	0.6512350903146596	0.4375
9	inverse_cdf	157.5	40.0	8	0.7288689868556626	0.7288689868556626	0.5625
9	inverse_cdf	165.0	41.0	7	1.0350983390135313	1.0350983390135313	0.7142857142857143
9	inverse_cdf	172.5	41.5	8	0.37201190457142247	0.37201190457142247	0.3125
10	cdf	7.5	5.5	8	1.2817398889233114	1.2817398889233114	1.25
10	cdf	15.0	8.0	7	2.8115408417381924	2.8115408417381924	2.142857142857143
10	cdf	22.5	10.0	7	1.0690449676496976	1.0690449676496976	1.0
10	cdf	30.0	11.0	6	1.8819316317727024	1.8819316317727026	1.4166666666666667
10	cdf	37.5	11.5	8	0.9910312089651149	0.9910312089651149	1.0
10	cdf	45.0	12.0	8	0.7763237542601484	0.7763237542601484	0.5625
10	cdf	52.5	12.5	8	0.8762745818846641	0.8762745818846641	0.75
10	cdf	60.0	13.0	8	1.3024701806293193	1.3024701806293193	1.0
10	cdf	67.5	14.0	7	1.2535663410560176	1.2535663410560174	1.4285714285714286
10	cdf	75.0	16.0	8	1.5979898086569353	1.5979898086569353	2.125
10	cdf	82.5	18.5	7	1.0350983390135313	1.0350983390135313	1.0714285714285714
10	cdf	90.0	22.0	8	0.6781013409302687	0.6781013409302687	0.4375
10	cdf	97.5	25.5	8	1.2817398889233114	1.2817398889233114	1.0
10	cdf	105.0	28.0	8	2.903200204700225	2.903200204700225	2.5
10	cdf	112.5	30.0	8	2.59721691706444	2.59721691706444	1.9375
10	cdf	120.0	31.0	8	1.015504800579495	1.015504800579495	3.0625
10	cdf	127.5	31.5	8	1.1160357137142674	1.1160357137142674	1.4375
10	cdf	135.0	32.0	7	1.2149857925879117	1.2149857925879117	1.3571428571428572
10	cdf	142.5	32.5	8	0.6408699444616557	0.6408699444616557	1.875
10	cdf	150.0	33.0	8	0.9613049166924836	0.9613049166924836	1.8125
10	cdf	157.5	34.0	8	1.2174328963613794	1.2174328963613794	1.875
10	cdf	165.0	36.0	8	1.2229209763045665	1.2229209763045665	1.5625
10	cdf	172.5	38.5	8	0.5976143046671968	0.5976143046671968	1.0
10	inverse_cdf	7.5	2.5	8	1.4500615750472707	1.4500615750472707	1.0625
10	inverse_cdf	15.0	3.0	8	1.5811388300841898	1.5811388300841898	1.125
10	inverse_cdf	22.5	4.0	8	1.8850918886280925	1.8850918886280925	1.5
10	inverse_cdf	30.0	5.0	8	3.1622776601683795	3.1622776601683795	2.625
10	inverse_cdf	37.5	7.5	8	4.12256421590807	4.12256421590807	4.4375
10	inverse_cdf	45.0	11.5	8	4.32135478095205	4.32135478095205	3.4375
10	inverse_cdf	52.5	16.0	8	4.4113287599737365	4.4113287599737365	4.5625
10	inverse_cdf	60.0	18.5	8	1.8468119248354136	1.8468119248354136	1.5
10	inverse_cdf	67.5	20.0	7	4.982110854991945	4.982110854991945	5.0
10	inverse_cdf	75.0	21.0	8	1.807721533549109	1.807721533549109	2.125
10	inverse_cdf	82.5	21.5	8	2.6177621304137952	2.6177621304137952	1.6875
10	inverse_cdf	90.0	22.0	8	0.3535533905932738	0.3535533905932738	0.25
10	inverse_cdf	97.5	22.5	8	0.4629100498862757	0.4629100498862757	0.25
10	inverse_cdf	105.0	23.0	8	1.5118578920369088	1.5118578920369088	1.25
10	inverse_cdf	112.5	24.0	8	2.569567779107718	2.569567779107718	1.4375
10	inverse_cdf	120.0	25.5	7	3.4572215654165053	3.4572215654165057	3.0714285714285716
10	inverse_cdf	127.5	28.0	8	3.9228042083620305	3.9228042083620305	4.0625
10	inverse_cdf	135.0	32.5	8	1.7915974515977156	1.7915974515977156	1.4375
10	inverse_cdf	142.5	36.5	8	1.2817398889233114	1.2817398889233114	1.25
10	inverse_cdf	150.0	39.0	8	1.5118578920369088	1.5118578920369088	2.75
10	inverse_cdf	157.5	40.0	8	1.6636878141217308	1.6636878141217308	1.5
10	inverse_cdf	165.0	41.0	8	0.0	0.0	1.0
10	inverse_cdf	172.5	41.5	8	0.0	0.0	0.5
11	inverse_cdf	7.5	2.5	8	0.7039429765866795	0.7039429765866795	0.4375
11	inverse_cdf	15.0	3.0	8	0.9161253813129043	0.9161253813129043	0.875
11	inverse_cdf	22.5	4.0	7	1.4556948921555024	1.4556948921555024	1.0
11	inverse_cdf	30.0	5.0	8	0.9910312089651149	0.9910312089651149	0.875
11	inverse_cdf	37.5	7.5	7	1.492042384180314	1.492042384180314	1.1428571428571428
11	inverse_cdf	45.0	11.5	8	0.7071067811865476	0.7071067811865476	0.5
11	inverse_cdf	52.5	16.0	8	2.7572955176093426	2.7572955176093426	2.9375
11	inverse_cdf	60.0	18.5	7	0.809173593712687	0.809173593712687	1.7142857142857142
11	inverse_cdf	67.5	20.0	8	1.407885953173359	1.407885953173359	4.375
11	inverse_cdf	75.0	21.0	8	1.2799972098183876	1.2799972098183876	3.3125
11	inverse_cdf	82.5	21.5	8	0.6512350903146596	0.6512350903146596	1.1875
11	inverse_cdf	90.0	22.0	8	0.4629100498862757	0.4629100498862757	0.375
11	inverse_cdf	97.5	22.5	7	1.3047532151257388	1.3047532151257386	1.0714285714285714
11	inverse_cdf	105.0	23.0	8	2.0873770280289223	2.0873770280289223	2.25
11	inverse_cdf	112.5	24.0	7	1.0578504710249077	1.0578504710249077	2.9285714285714284
11	inverse_cdf	120.0	25.5	8	0.7288689868556626	0.7288689868556626	2.5625
11	inverse_cdf	127.5	28.0	7	1.409998311380279	1.409998311380279	3.7857142857142856
11	inverse_cdf	135.0	32.5	8	0.37201190457142247	0.37201190457142247	0.3125
11	inverse_cdf	142.5	36.5	7	1.592392629257711	1.592392629257711	1.7142857142857142
11	inverse_cdf	150.0	39.0	8	1.5683817866104632	1.5683817866104632	1.6875
11	inverse_cdf	157.5	40.0	8	1.2535663410560174	1.2535663410560174	2.0
11	inverse_cdf	165.0	41.0	7	1.409998311380279	1.409998311380279	2.7857142857142856
11	inverse_cdf	172.5	41.5	8	0.3535533905932738	0.3535533905932738	0.25
12	cdf	7.5	5.5	8	0.1767766952966369	0.1767766952966369	0.0625
12	cdf	15.0	8.0	7	1.6583123951777	1.6583123951777	1.2142857142857142
12	cdf	22.5	10.0	8	1.4126343172547218	1.4126343172547218	1.1875
12	cdf	30.0	11.0	8	0.1767766952966369	0.1767766952966369	0.5625
12	cdf	37.5	11.5	6	0.3763863263545405	0.3763863263545405	0.9166666666666666
12	cdf	45.0	12.0	6	0.2581988897471611	0.25819888974716115	0.8333333333333334
12	cdf	52.5	12.5	8	0.4172614801981401	0.4172614801981401	0.5625
12	cdf	60.0	13.0	7	0.48795003647426666	0.48795003647426666	0.7142857142857143
12	cdf	67.5	14.0	8	1.0350983390135313	1.0350983390135313	0.75
12	cdf	75.0	16.0	7	1.0350983390135313	1.0350983390135313	0.5
12	cdf	82.5	18.5	7	0.0	0.0	0.0
12	cdf	90.0	22.0	7	0.0	0.0	0.0
12	cdf	97.5	25.5	8	0.0	0.0	0.0
12	cdf	105.0	28.0	6	1.2909944487358056	1.2909944487358056	0.8333333333333334
12	cdf	112.5	30.0	7	0.8997354108424372	0.8997354108424372	0.42857142857142855
12	cdf	120.0	31.0	7	0.6074928962939559	0.6074928962939559	0.35714285714285715
12	cdf	127.5	31.5	8	0.7529703086538577	0.7529703086538577	0.6875
12	cdf	135.0	32.0	8	0.7905694150420949	0.7905694150420949	0.75
12	cdf	142.5	32.5	7	0.5	0.5	0.5
12	cdf	150.0	33.0	8	0.8345229603962802	0.8345229603962802	1.125
12	cdf	157.5	34.0	8	0.7071067811865476	0.7071067811865476	0.25
12	cdf	165.0	36.0	6	0.0	0.0	0.0
12	cdf	172.5	38.5	8	1.208230701716948	1.208230701716948	0.6875
13	inverse_cdf	7.5	2.5	8	0.7559289460184544	0.7559289460184544	0.75
13	inverse_cdf	15.0	3.0	8	0.44320263021395917	0.44320263021395917	0.25
13	inverse_cdf	22.5	4.0	8	0.7288689868556626	0.7288689868556626	0.5625
13	inverse_cdf	30.0	5.0	8	1.2535663410560174	1.2535663410560174	0.75
13	inverse_cdf	37.5	7.5	8	1.941096891671599	1.941096891671599	1.125
13	inverse_cdf	45.0	11.5	8	1.889822365046136	1.889822365046136	1.25
13	inverse_cdf	52.5	16.0	7	1.4392458342578491	1.4392458342578487	4.214285714285714
13	inverse_cdf	60.0	18.5	8	2.583429337693823	2.583429337693823	4.0625
13	inverse_cdf	67.5	20.0	8	1.6420805617960927	1.6420805617960927	3.875
13	inverse_cdf	75.0	21.0	7	0.8521681032463466	0.8521681032463466	1.6428571428571428
13	inverse_cdf	82.5	21.5	8	0.49551560448255744	0.49551560448255744	0.4375
13	inverse_cdf	90.0	22.0	8	0.23145502494313785	0.23145502494313785	0.125
13	inverse_cdf	97.5	22.5	8	0.5976143046671968	0.5976143046671968	0.375
13	inverse_cdf	105.0	23.0	8	0.9425459443140463	0.9425459443140463	0.9375
13	inverse_cdf	112.5	24.0	7	1.1801936887041649	1.1801936887041649	1.5
13	inverse_cdf	120.0	25.5	6	1.4747881203752624	1.4747881203752624	2.25
13	inverse_cdf	127.5	28.0	8	1.9445436482630056	1.9445436482630056	1.8125
13	inverse_cdf	135.0	32.5	8	1.2174328963613794	1.2174328963613794	1.125
13	inverse_cdf	142.5	36.5	6	2.601281735350223	2.6012817353502227	2.6666666666666665
13	inverse_cdf	150.0	39.0	8	2.052872551885702	2.052872551885702	2.75
13	inverse_cdf	157.5	40.0	8	1.032939633141398	1.032939633141398	1.8125
13	inverse_cdf	165.0	41.0	8	0.32043497223082784	0.32043497223082784	1.0625
13	inverse_cdf	172.5	41.5	7	0.47559486560567094	0.4755948656056709	0.35714285714285715
14	cdf	7.5	5.5	8	0.7905694150420949	0.7905694150420949	0.625
14	cdf	15.0	8.0	8	1.050085030570654	1.050085030570654	0.8125
14	cdf	22.5	10.0	8	0.5824823725107175	0.5824823725107175	0.5
14	cdf	30.0	11.0	8	0.45806269065645216	0.45806269065645216	0.3125
14	cdf	37.5	11.5	8	0.5938674695827104	0.5938674695827104	0.4375
14	cdf	45.0	12.0	8	0.7440238091428449	0.7440238091428449	0.625
14	cdf	52.5	12.5	8	0.25877458475338283	0.25877458475338283	0.1875
14	cdf	60.0	13.0	8	0.9161253813129043	0.9161253813129043	0.5
14	cdf	67.5	14.0	8	0.9797047660246574	0.9797047660246574	0.6875
14	cdf	75.0	16.0	7	0.6725927091345493	0.6725927091345493	0.5714285714285714
14	cdf	82.5	18.5	8	0.5629958132298016	0.5629958132298016	0.3125
14	cdf	90.0	22.0	8	0.3535533905932738	0.3535533905932738	0.25
14	cdf	97.5	25.5	8	1.1259916264596033	1.1259916264596033	0.75
14	cdf	105.0	28.0	8	0.4172614801981401	0.4172614801981401	0.3125
14	cdf	112.5	30.0	7	0.9759000729485332	0.9759000729485332	0.7142857142857143
14	cdf	120.0	31.0	8	0.6232117273791125	0.6232117273791125	0.4375
14	cdf	127.5	31.5	8	0.6546536707079771	0.6546536707079771	0.625
14	cdf	135.0	32.0	7	0.44986770542121873	0.4498677054212186	0.42857142857142855
14	cdf	142.5	32.5	8	0.45806269065645216	0.45806269065645216	0.4375
14	cdf	150.0	33.0	8	0.4629100498862757	0.4629100498862757	0.75
14	cdf	157.5	34.0	8	0.9636241116594315	0.9636241116594315	1.125
14	cdf	165.0	36.0	8	1.1572751247156894	1.1572751247156894	0.75
14	cdf	172.5	38.5	8	0.5175491695067657	0.5175491695067657	0.875
